,top10_gross,year,week_no,weekend
2712,1554475.0,1977,21,1977_May_w4
2709,16358821.0,1977,24,1977_Jun_w3
2708,4885463.0,1977,25,1977_Jun_w4
2707,7452980.0,1977,26,1977_Jun_w5
2705,6197462.0,1977,27,1977_Jul_w1
2704,6806951.0,1977,28,1977_Jul_w2
2703,7000644.0,1977,29,1977_Jul_w3
2702,6234376.0,1977,30,1977_Jul_w4
2701,7195573.0,1977,31,1977_Aug_w1
2700,6705755.0,1977,32,1977_Aug_w2
2699,5908751.0,1977,33,1977_Aug_w3
2698,5239535.0,1977,34,1977_Aug_w4
2697,7737847.0,1977,35,1977_Aug_w5
2694,2040920.0,1977,40,1977_Oct_w1
2691,4431635.0,1977,42,1977_Oct_w3
2690,3292879.0,1977,43,1977_Oct_w4
2689,2626914.0,1977,44,1977_Oct_w5
2688,2269052.0,1977,45,1977_Nov_w1
2687,1949157.0,1977,46,1977_Nov_w2
2686,2472656.0,1977,47,1977_Nov_w3
2685,1595568.0,1977,48,1977_Nov_w4
2684,1152953.0,1977,49,1977_Dec_w1
2683,10102221.0,1977,50,1977_Dec_w2
2681,5564559.0,1977,51,1977_Dec_w3
393,2671060.0,1978,1,1978_Jan_w1
392,817290.0,1978,5,1978_Feb_w1
389,622291.0,1978,10,1978_Mar_w2
388,543897.0,1978,13,1978_Mar_w5
387,790452.0,1978,14,1978_Apr_w1
386,602039.0,1978,15,1978_Apr_w2
384,3880880.0,1978,23,1978_Jun_w2
383,18807740.0,1978,24,1978_Jun_w3
380,3652486.0,1978,26,1978_Jun_w5
378,10166336.0,1978,29,1978_Jul_w3
377,276538.0,1978,30,1978_Jul_w4
372,626649.0,1978,46,1978_Nov_w2
370,7465343.0,1978,50,1978_Dec_w2
368,16808078.0,1978,51,1978_Dec_w3
369,1652926.0,1978,51,1978_Dec_w3
367,10363384.0,1978,52,1978_Dec_w4
440,391942.0,1979,5,1979_Feb_w1
439,3529675.0,1979,6,1979_Feb_w2
435,262778.0,1979,9,1979_Mar_w1
434,70461.0,1979,10,1979_Mar_w2
433,21040.0,1979,11,1979_Mar_w3
432,18709.0,1979,13,1979_Mar_w5
431,1972684.0,1979,14,1979_Apr_w1
429,485734.0,1979,17,1979_Apr_w4
428,376896.0,1979,18,1979_May_w1
425,5953196.0,1979,21,1979_May_w4
424,2192024.0,1979,22,1979_Jun_w1
423,2669177.0,1979,23,1979_Jun_w2
422,10153660.0,1979,24,1979_Jun_w3
421,11641673.0,1979,25,1979_Jun_w4
420,11745651.0,1979,26,1979_Jun_w5
419,3391197.0,1979,27,1979_Jul_w1
418,2955036.0,1979,28,1979_Jul_w2
417,5675034.0,1979,29,1979_Jul_w3
416,9660094.0,1979,30,1979_Jul_w4
415,1533612.0,1979,31,1979_Aug_w1
414,1301922.0,1979,32,1979_Aug_w2
413,1304996.0,1979,33,1979_Aug_w3
412,7717449.0,1979,34,1979_Aug_w4
411,1049075.0,1979,35,1979_Aug_w5
410,649505.0,1979,36,1979_Sep_w1
409,485711.0,1979,37,1979_Sep_w2
408,742634.0,1979,38,1979_Sep_w3
407,393452.0,1979,39,1979_Sep_w4
406,3812974.0,1979,40,1979_Oct_w1
404,2250000.0,1979,42,1979_Oct_w3
403,83527.0,1979,43,1979_Oct_w4
402,12922.0,1979,44,1979_Oct_w5
401,2520005.0,1979,45,1979_Nov_w1
399,11926421.0,1979,49,1979_Dec_w1
398,15852407.0,1979,50,1979_Dec_w2
397,13456623.0,1979,51,1979_Dec_w3
395,1781164.0,1979,52,1979_Dec_w4
1028,386099.0,1980,3,1980_Jan_w3
1027,1668965.0,1980,4,1980_Jan_w4
1026,3559930.0,1980,5,1980_Feb_w1
1025,4502244.0,1980,6,1980_Feb_w2
1024,1382756.0,1980,7,1980_Feb_w3
1022,221141.0,1980,9,1980_Mar_w1
1021,3366443.0,1980,10,1980_Mar_w2
1020,61109.0,1980,11,1980_Mar_w3
1019,1663282.0,1980,12,1980_Mar_w4
1018,1745228.0,1980,13,1980_Mar_w5
1015,805511.0,1980,16,1980_Apr_w3
1014,1750593.0,1980,17,1980_Apr_w4
1012,9381387.0,1980,19,1980_May_w2
1011,2469272.0,1980,20,1980_May_w3
1009,4910483.0,1980,21,1980_May_w4
1010,8514566.0,1980,21,1980_May_w4
1007,4339769.0,1980,23,1980_Jun_w2
1006,15065520.0,1980,24,1980_Jun_w3
1005,18446538.0,1980,25,1980_Jun_w4
1004,9217874.0,1980,26,1980_Jun_w5
1003,8309772.0,1980,27,1980_Jul_w1
1002,7154819.0,1980,28,1980_Jul_w2
1001,14173929.0,1980,29,1980_Jul_w3
1000,10272689.0,1980,30,1980_Jul_w4
999,5758789.0,1980,31,1980_Aug_w1
998,8477856.0,1980,32,1980_Aug_w2
997,15268817.0,1980,33,1980_Aug_w3
995,1856849.0,1980,35,1980_Aug_w5
993,170335.0,1980,38,1980_Sep_w3
992,4784434.0,1980,39,1980_Sep_w4
991,4827433.0,1980,40,1980_Oct_w1
989,4739769.0,1980,41,1980_Oct_w2
988,2934957.0,1980,43,1980_Oct_w4
987,2728520.0,1980,44,1980_Oct_w5
986,446993.0,1980,46,1980_Nov_w2
985,112663.0,1980,47,1980_Nov_w3
984,129307.0,1980,48,1980_Nov_w4
983,4103412.0,1980,49,1980_Dec_w1
982,15074258.0,1980,50,1980_Dec_w2
981,13483950.0,1980,51,1980_Dec_w3
980,3810214.0,1980,52,1980_Dec_w4
853,4279264.0,1981,5,1981_Feb_w1
851,439564.0,1981,7,1981_Feb_w3
849,1392852.0,1981,10,1981_Mar_w2
848,5830020.0,1981,11,1981_Mar_w3
847,5571675.0,1981,12,1981_Mar_w4
846,546724.0,1981,13,1981_Mar_w5
845,7474212.0,1981,15,1981_Apr_w2
842,682415.0,1981,17,1981_Apr_w4
841,7388421.0,1981,18,1981_May_w1
838,16993634.0,1981,21,1981_May_w4
835,13098554.0,1981,24,1981_Jun_w3
834,33885048.0,1981,25,1981_Jun_w4
833,37349195.0,1981,26,1981_Jun_w5
832,10905892.0,1981,27,1981_Jul_w1
830,6883157.0,1981,29,1981_Jul_w3
829,3037911.0,1981,30,1981_Jul_w4
828,2297493.0,1981,31,1981_Aug_w1
827,1582148.0,1981,32,1981_Aug_w2
825,4790648.0,1981,34,1981_Aug_w4
824,564593.0,1981,35,1981_Aug_w5
820,3505428.0,1981,38,1981_Sep_w3
819,68907.0,1981,39,1981_Sep_w4
818,63356.0,1981,40,1981_Oct_w1
814,344837.0,1981,43,1981_Oct_w4
813,7446508.0,1981,44,1981_Oct_w5
812,6507356.0,1981,45,1981_Nov_w1
811,1214767.0,1981,46,1981_Nov_w2
810,249018.0,1981,47,1981_Nov_w3
809,2414242.0,1981,49,1981_Dec_w1
808,2431152.0,1981,50,1981_Dec_w2
807,17909299.0,1981,51,1981_Dec_w3
806,86874.0,1981,52,1981_Dec_w4
683,88705.0,1982,1,1982_Jan_w1
682,21136048.0,1982,2,1982_Jan_w2
680,19190484.0,1982,3,1982_Jan_w3
679,16791367.0,1982,4,1982_Jan_w4
678,18316681.0,1982,5,1982_Feb_w1
677,17581427.0,1982,6,1982_Feb_w2
675,416243.0,1982,7,1982_Feb_w3
676,25425108.0,1982,7,1982_Feb_w3
674,19200980.0,1982,8,1982_Feb_w4
673,14591110.0,1982,9,1982_Mar_w1
672,17331885.0,1982,10,1982_Mar_w2
671,23303199.0,1982,11,1982_Mar_w3
670,27803509.0,1982,12,1982_Mar_w4
669,28211812.0,1982,13,1982_Mar_w5
668,34509692.0,1982,14,1982_Apr_w1
666,30339453.0,1982,15,1982_Apr_w2
665,22087643.0,1982,16,1982_Apr_w3
664,19746797.0,1982,17,1982_Apr_w4
663,20094565.0,1982,18,1982_May_w1
662,17103508.0,1982,19,1982_May_w2
661,22369809.0,1982,20,1982_May_w3
660,24325331.0,1982,21,1982_May_w4
658,12431486.0,1982,22,1982_Jun_w1
659,44789111.0,1982,22,1982_Jun_w1
657,46878862.0,1982,23,1982_Jun_w2
656,48105800.0,1982,24,1982_Jun_w3
655,51354421.0,1982,25,1982_Jun_w4
654,50842030.0,1982,26,1982_Jun_w5
652,12776454.0,1982,27,1982_Jul_w1
653,53338282.0,1982,27,1982_Jul_w1
651,41165391.0,1982,28,1982_Jul_w2
650,40882754.0,1982,29,1982_Jul_w3
649,42819113.0,1982,30,1982_Jul_w4
648,38194376.0,1982,31,1982_Aug_w1
647,38004637.0,1982,32,1982_Aug_w2
646,43102545.0,1982,33,1982_Aug_w3
645,35420211.0,1982,34,1982_Aug_w4
644,27770359.0,1982,35,1982_Aug_w5
643,34020756.0,1982,36,1982_Sep_w1
642,6101478.0,1982,36,1982_Sep_w1
641,19366793.0,1982,37,1982_Sep_w2
640,19721027.0,1982,38,1982_Sep_w3
639,21068215.0,1982,39,1982_Sep_w4
638,16446512.0,1982,40,1982_Oct_w1
636,17739877.0,1982,41,1982_Oct_w2
637,4267599.0,1982,41,1982_Oct_w2
635,13287956.0,1982,42,1982_Oct_w3
634,27432622.0,1982,43,1982_Oct_w4
633,22602199.0,1982,44,1982_Oct_w5
632,20046296.0,1982,45,1982_Nov_w1
631,21459266.0,1982,46,1982_Nov_w2
630,22451231.0,1982,47,1982_Nov_w3
629,5161408.0,1982,48,1982_Nov_w4
628,4766421.0,1982,48,1982_Nov_w4
627,24667497.0,1982,48,1982_Nov_w4
626,13402188.0,1982,49,1982_Dec_w1
625,22180755.0,1982,50,1982_Dec_w2
624,32533797.0,1982,51,1982_Dec_w3
623,33048647.0,1982,52,1982_Dec_w4
622,47967487.0,1982,53,1982_Dec_w5
745,39621157.0,1983,1,1983_Jan_w1
744,1907621.0,1983,2,1983_Jan_w2
743,31333450.0,1983,2,1983_Jan_w2
742,28002601.0,1983,3,1983_Jan_w3
741,24635213.0,1983,4,1983_Jan_w4
740,24206133.0,1983,5,1983_Feb_w1
739,18268048.0,1983,6,1983_Feb_w2
738,30596004.0,1983,7,1983_Feb_w3
737,1610701.0,1983,7,1983_Feb_w3
736,21973564.0,1983,8,1983_Feb_w4
735,18432245.0,1983,9,1983_Mar_w1
734,17974004.0,1983,10,1983_Mar_w2
733,19471533.0,1983,11,1983_Mar_w3
732,31208189.0,1983,12,1983_Mar_w4
731,1251056.0,1983,13,1983_Mar_w5
730,26009007.0,1983,13,1983_Mar_w5
729,23535516.0,1983,14,1983_Apr_w1
728,25334233.0,1983,15,1983_Apr_w2
727,21261441.0,1983,16,1983_Apr_w3
726,18412003.0,1983,17,1983_Apr_w4
725,18788071.0,1983,18,1983_May_w1
724,26395501.0,1983,19,1983_May_w2
723,29421812.0,1983,20,1983_May_w3
722,59305165.0,1983,21,1983_May_w4
721,24457583.0,1983,21,1983_May_w4
720,47122370.0,1983,22,1983_Jun_w1
719,45340779.0,1983,23,1983_Jun_w2
718,52440710.0,1983,24,1983_Jun_w3
717,54940680.0,1983,25,1983_Jun_w4
716,56837690.0,1983,26,1983_Jun_w5
714,35909621.0,1983,27,1983_Jul_w1
713,46444121.0,1983,28,1983_Jul_w2
712,52212400.0,1983,29,1983_Jul_w3
711,46706373.0,1983,30,1983_Jul_w4
710,35857251.0,1983,31,1983_Aug_w1
709,32943666.0,1983,32,1983_Aug_w2
708,34574937.0,1983,33,1983_Aug_w3
707,32284328.0,1983,34,1983_Aug_w4
706,36378995.0,1983,35,1983_Aug_w5
704,21211110.0,1983,36,1983_Sep_w1
703,18492541.0,1983,37,1983_Sep_w2
702,15423345.0,1983,38,1983_Sep_w3
701,17997328.0,1983,39,1983_Sep_w4
700,27234195.0,1983,40,1983_Oct_w1
698,18893548.0,1983,41,1983_Oct_w2
697,23559395.0,1983,42,1983_Oct_w3
696,20680355.0,1983,43,1983_Oct_w4
695,23478811.0,1983,44,1983_Oct_w5
694,19652567.0,1983,45,1983_Nov_w1
693,16406933.0,1983,46,1983_Nov_w2
690,21572343.0,1983,47,1983_Nov_w3
689,14071151.0,1983,48,1983_Nov_w4
688,29604626.0,1983,49,1983_Dec_w1
687,29838763.0,1983,50,1983_Dec_w2
685,29670592.0,1983,51,1983_Dec_w3
684,46357139.0,1983,52,1983_Dec_w4
61,30169412.0,1984,1,1984_Jan_w1
59,28273334.0,1984,2,1984_Jan_w2
58,20685611.0,1984,3,1984_Jan_w3
57,21693487.0,1984,4,1984_Jan_w4
56,19180138.0,1984,5,1984_Feb_w1
55,16773554.0,1984,6,1984_Feb_w2
54,33292525.0,1984,7,1984_Feb_w3
52,24319996.0,1984,8,1984_Feb_w4
51,24232435.0,1984,9,1984_Mar_w1
50,26724810.0,1984,10,1984_Mar_w2
49,29973675.0,1984,11,1984_Mar_w3
48,33206443.0,1984,12,1984_Mar_w4
47,36811278.0,1984,13,1984_Mar_w5
46,41294230.0,1984,14,1984_Apr_w1
45,42836109.0,1984,15,1984_Apr_w2
43,37141105.0,1984,16,1984_Apr_w3
42,27221455.0,1984,17,1984_Apr_w4
41,30820958.0,1984,18,1984_May_w1
40,29563569.0,1984,19,1984_May_w2
39,27159110.0,1984,20,1984_May_w3
37,25337110.0,1984,21,1984_May_w4
38,62680115.0,1984,21,1984_May_w4
36,50208004.0,1984,22,1984_Jun_w1
35,60535933.0,1984,23,1984_Jun_w2
34,55171328.0,1984,24,1984_Jun_w3
33,56928034.0,1984,25,1984_Jun_w4
32,59500706.0,1984,26,1984_Jun_w5
31,52750255.0,1984,27,1984_Jul_w1
30,46428540.0,1984,28,1984_Jul_w2
29,45328814.0,1984,29,1984_Jul_w3
28,42854166.0,1984,30,1984_Jul_w4
27,34878491.0,1984,31,1984_Aug_w1
26,37984188.0,1984,32,1984_Aug_w2
25,41775154.0,1984,33,1984_Aug_w3
24,33468316.0,1984,34,1984_Aug_w4
23,41990317.0,1984,35,1984_Aug_w5
22,5004808.0,1984,35,1984_Aug_w5
21,23747687.0,1984,36,1984_Sep_w1
20,21466596.0,1984,37,1984_Sep_w2
19,25311934.0,1984,38,1984_Sep_w3
18,24455746.0,1984,39,1984_Sep_w4
17,29850702.0,1984,40,1984_Oct_w1
16,2029921.0,1984,40,1984_Oct_w1
15,21696916.0,1984,41,1984_Oct_w2
14,22806801.0,1984,42,1984_Oct_w3
13,23518309.0,1984,43,1984_Oct_w4
12,21415987.0,1984,44,1984_Oct_w5
11,21996915.0,1984,45,1984_Nov_w1
10,26050538.0,1984,46,1984_Nov_w2
7,30715157.0,1984,47,1984_Nov_w3
8,1132403.0,1984,47,1984_Nov_w3
9,1235264.0,1984,47,1984_Nov_w3
6,19313112.0,1984,48,1984_Nov_w4
5,35617642.0,1984,49,1984_Dec_w1
4,35465869.0,1984,50,1984_Dec_w2
2,290196.0,1984,51,1984_Dec_w3
3,49021775.0,1984,51,1984_Dec_w3
0,72719625.0,1984,52,1984_Dec_w4
1,451773.0,1984,52,1984_Dec_w4
243,37687571.0,1985,1,1985_Jan_w1
242,29369163.0,1985,2,1985_Jan_w2
240,20097631.0,1985,3,1985_Jan_w3
239,23118481.0,1985,4,1985_Jan_w4
238,22390237.0,1985,5,1985_Feb_w1
237,27809171.0,1985,6,1985_Feb_w2
236,35222619.0,1985,7,1985_Feb_w3
234,25830927.0,1985,8,1985_Feb_w4
233,27704420.0,1985,9,1985_Mar_w1
232,25268720.0,1985,10,1985_Mar_w2
231,23368270.0,1985,11,1985_Mar_w3
230,42988656.0,1985,12,1985_Mar_w4
229,41333145.0,1985,13,1985_Mar_w5
227,34293857.0,1985,14,1985_Apr_w1
226,29436248.0,1985,15,1985_Apr_w2
225,25556572.0,1985,16,1985_Apr_w3
224,22462614.0,1985,17,1985_Apr_w4
223,21725357.0,1985,18,1985_May_w1
222,17952994.0,1985,19,1985_May_w2
221,16479296.0,1985,20,1985_May_w3
219,30863331.0,1985,21,1985_May_w4
220,58625867.0,1985,21,1985_May_w4
218,39602104.0,1985,22,1985_Jun_w1
217,41360456.0,1985,23,1985_Jun_w2
216,41759611.0,1985,24,1985_Jun_w3
215,41759606.0,1985,25,1985_Jun_w4
214,45784656.0,1985,26,1985_Jun_w5
213,49941548.0,1985,27,1985_Jul_w1
212,46211513.0,1985,28,1985_Jul_w2
211,45720730.0,1985,29,1985_Jul_w3
210,47236810.0,1985,30,1985_Jul_w4
209,42410790.0,1985,31,1985_Aug_w1
208,38210293.0,1985,32,1985_Aug_w2
207,38192041.0,1985,33,1985_Aug_w3
206,34155177.0,1985,34,1985_Aug_w4
205,36335209.0,1985,35,1985_Aug_w5
204,7149345.0,1985,35,1985_Aug_w5
203,20928090.0,1985,36,1985_Sep_w1
202,15460965.0,1985,37,1985_Sep_w2
201,14851692.0,1985,38,1985_Sep_w3
200,22010983.0,1985,39,1985_Sep_w4
199,26613895.0,1985,40,1985_Oct_w1
198,33316489.0,1985,41,1985_Oct_w2
197,2991032.0,1985,41,1985_Oct_w2
196,23417097.0,1985,42,1985_Oct_w3
195,19524030.0,1985,43,1985_Oct_w4
194,24961347.0,1985,44,1985_Oct_w5
193,22720726.0,1985,45,1985_Nov_w1
192,20444128.0,1985,46,1985_Nov_w2
191,20148880.0,1985,47,1985_Nov_w3
190,2808714.0,1985,48,1985_Nov_w4
189,2527914.0,1985,48,1985_Nov_w4
188,41900136.0,1985,48,1985_Nov_w4
187,35555195.0,1985,49,1985_Dec_w1
186,31339482.0,1985,50,1985_Dec_w2
185,34245727.0,1985,51,1985_Dec_w3
184,52846764.0,1985,52,1985_Dec_w4
501,41330385.0,1986,1,1986_Jan_w1
500,32697064.0,1986,2,1986_Jan_w2
498,1455600.0,1986,3,1986_Jan_w3
499,38660189.0,1986,3,1986_Jan_w3
497,26632176.0,1986,4,1986_Jan_w4
496,32661751.0,1986,5,1986_Feb_w1
495,31379924.0,1986,6,1986_Feb_w2
493,514750.0,1986,7,1986_Feb_w3
494,41334728.0,1986,7,1986_Feb_w3
492,29301384.0,1986,8,1986_Feb_w4
491,33687907.0,1986,9,1986_Mar_w1
490,28636291.0,1986,10,1986_Mar_w2
489,28738232.0,1986,11,1986_Mar_w3
488,32493325.0,1986,12,1986_Mar_w4
487,29160865.0,1986,13,1986_Mar_w5
485,26516162.0,1986,14,1986_Apr_w1
484,20946701.0,1986,15,1986_Apr_w2
483,20250126.0,1986,16,1986_Apr_w3
482,16172431.0,1986,17,1986_Apr_w4
481,17798037.0,1986,18,1986_May_w1
480,17514201.0,1986,19,1986_May_w2
479,22424412.0,1986,20,1986_May_w3
478,12653032.0,1986,21,1986_May_w4
477,50558711.0,1986,21,1986_May_w4
476,29292520.0,1986,22,1986_Jun_w1
475,33480897.0,1986,23,1986_Jun_w2
474,35285502.0,1986,24,1986_Jun_w3
473,47973087.0,1986,25,1986_Jun_w4
472,48244803.0,1986,26,1986_Jun_w5
471,42802455.0,1986,27,1986_Jul_w1
470,44785822.0,1986,28,1986_Jul_w2
469,42263558.0,1986,29,1986_Jul_w3
468,42300445.0,1986,30,1986_Jul_w4
467,42434743.0,1986,31,1986_Aug_w1
466,33588159.0,1986,32,1986_Aug_w2
465,33655438.0,1986,33,1986_Aug_w3
464,30606033.0,1986,34,1986_Aug_w4
463,34645277.0,1986,35,1986_Aug_w5
461,21635984.0,1986,36,1986_Sep_w1
460,18025769.0,1986,37,1986_Sep_w2
459,17567338.0,1986,38,1986_Sep_w3
458,21808317.0,1986,39,1986_Sep_w4
457,24895083.0,1986,40,1986_Oct_w1
456,39763965.0,1986,41,1986_Oct_w2
455,708396.0,1986,41,1986_Oct_w2
454,32441088.0,1986,42,1986_Oct_w3
453,33003996.0,1986,43,1986_Oct_w4
452,26877577.0,1986,44,1986_Oct_w5
451,27777161.0,1986,45,1986_Nov_w1
450,22085635.0,1986,46,1986_Nov_w2
449,29837234.0,1986,47,1986_Nov_w3
446,50650760.0,1986,48,1986_Nov_w4
445,32982745.0,1986,49,1986_Dec_w1
444,36091320.0,1986,50,1986_Dec_w2
443,36055025.0,1986,51,1986_Dec_w3
442,56414610.0,1986,52,1986_Dec_w4
365,41241661.0,1987,1,1987_Jan_w1
364,28679665.0,1987,2,1987_Jan_w2
362,33482934.0,1987,3,1987_Jan_w3
361,22541912.0,1987,4,1987_Jan_w4
360,31817823.0,1987,5,1987_Feb_w1
359,31910449.0,1987,6,1987_Feb_w2
358,43939030.0,1987,7,1987_Feb_w3
356,32284628.0,1987,8,1987_Feb_w4
355,39410997.0,1987,9,1987_Mar_w1
354,38645315.0,1987,10,1987_Mar_w2
353,36286923.0,1987,11,1987_Mar_w3
352,31991816.0,1987,12,1987_Mar_w4
351,31223530.0,1987,13,1987_Mar_w5
350,33513382.0,1987,14,1987_Apr_w1
349,31277812.0,1987,15,1987_Apr_w2
347,30555443.0,1987,16,1987_Apr_w3
346,26026209.0,1987,17,1987_Apr_w4
345,22135344.0,1987,18,1987_May_w1
344,17203758.0,1987,19,1987_May_w2
343,21300027.0,1987,20,1987_May_w3
341,26348555.0,1987,21,1987_May_w4
342,56628694.0,1987,21,1987_May_w4
340,31346072.0,1987,22,1987_Jun_w1
339,35363819.0,1987,23,1987_Jun_w2
338,49733753.0,1987,24,1987_Jun_w3
337,47502640.0,1987,25,1987_Jun_w4
336,51160463.0,1987,26,1987_Jun_w5
335,41990551.0,1987,27,1987_Jul_w1
334,44430321.0,1987,28,1987_Jul_w2
333,48002196.0,1987,29,1987_Jul_w3
332,44768192.0,1987,30,1987_Jul_w4
331,44181235.0,1987,31,1987_Aug_w1
330,42050697.0,1987,32,1987_Aug_w2
329,36390689.0,1987,33,1987_Aug_w3
328,34766871.0,1987,34,1987_Aug_w4
327,32650971.0,1987,35,1987_Aug_w5
326,38661851.0,1987,36,1987_Sep_w1
324,22243933.0,1987,37,1987_Sep_w2
323,33023930.0,1987,38,1987_Sep_w3
322,25867132.0,1987,39,1987_Sep_w4
321,29482547.0,1987,40,1987_Oct_w1
320,34705499.0,1987,41,1987_Oct_w2
319,451521.0,1987,41,1987_Oct_w2
318,25581116.0,1987,42,1987_Oct_w3
317,30639519.0,1987,43,1987_Oct_w4
316,25988491.0,1987,44,1987_Oct_w5
315,32677811.0,1987,45,1987_Nov_w1
314,31542633.0,1987,46,1987_Nov_w2
313,35185484.0,1987,47,1987_Nov_w3
312,7970699.0,1987,48,1987_Nov_w4
311,6905966.0,1987,48,1987_Nov_w4
310,47960626.0,1987,48,1987_Nov_w4
309,29028889.0,1987,49,1987_Dec_w1
308,31357856.0,1987,50,1987_Dec_w2
307,37379824.0,1987,51,1987_Dec_w3
306,52551174.0,1987,52,1987_Dec_w4
2678,56209187.0,1988,1,1988_Jan_w1
2677,35478200.0,1988,2,1988_Jan_w2
2675,47863005.0,1988,3,1988_Jan_w3
2674,37119274.0,1988,4,1988_Jan_w4
2673,29033920.0,1988,5,1988_Feb_w1
2672,34167559.0,1988,6,1988_Feb_w2
2671,43856209.0,1988,7,1988_Feb_w3
2669,33183143.0,1988,8,1988_Feb_w4
2668,28534062.0,1988,9,1988_Mar_w1
2667,30181651.0,1988,10,1988_Mar_w2
2666,28933481.0,1988,11,1988_Mar_w3
2665,28720065.0,1988,12,1988_Mar_w4
2664,34763334.0,1988,13,1988_Mar_w5
2662,38025551.0,1988,14,1988_Apr_w1
2661,33766408.0,1988,15,1988_Apr_w2
2660,33635016.0,1988,16,1988_Apr_w3
2659,31166630.0,1988,17,1988_Apr_w4
2658,27152770.0,1988,18,1988_May_w1
2657,21144996.0,1988,19,1988_May_w2
2656,23893399.0,1988,20,1988_May_w3
2655,24145445.0,1988,21,1988_May_w4
2654,59525121.0,1988,22,1988_Jun_w1
2653,13034238.0,1988,22,1988_Jun_w1
2652,44210070.0,1988,23,1988_Jun_w2
2651,45724166.0,1988,24,1988_Jun_w3
2650,48216103.0,1988,25,1988_Jun_w4
2649,52006552.0,1988,26,1988_Jun_w5
2648,71036180.0,1988,27,1988_Jul_w1
2647,5610145.0,1988,27,1988_Jul_w1
2646,55644618.0,1988,28,1988_Jul_w2
2645,54981090.0,1988,29,1988_Jul_w3
2644,57131505.0,1988,30,1988_Jul_w4
2643,50052220.0,1988,31,1988_Aug_w1
2642,43223198.0,1988,32,1988_Aug_w2
2641,43120917.0,1988,33,1988_Aug_w3
2640,45104365.0,1988,34,1988_Aug_w4
2639,36449530.0,1988,35,1988_Aug_w5
2638,42965505.0,1988,36,1988_Sep_w1
2637,60523.0,1988,36,1988_Sep_w1
2636,23615419.0,1988,37,1988_Sep_w2
2635,20473628.0,1988,38,1988_Sep_w3
2634,17949885.0,1988,39,1988_Sep_w4
2633,19489673.0,1988,40,1988_Oct_w1
2632,27967421.0,1988,41,1988_Oct_w2
2631,588869.0,1988,41,1988_Oct_w2
2630,21025911.0,1988,42,1988_Oct_w3
2629,23525035.0,1988,43,1988_Oct_w4
2628,17860771.0,1988,44,1988_Oct_w5
2627,24344777.0,1988,45,1988_Nov_w1
2626,29628860.0,1988,46,1988_Nov_w2
2625,35286223.0,1988,47,1988_Nov_w3
2622,49421492.0,1988,48,1988_Nov_w4
2621,38014829.0,1988,49,1988_Dec_w1
2620,36510923.0,1988,50,1988_Dec_w2
2619,37673491.0,1988,51,1988_Dec_w3
2617,5359280.0,1988,52,1988_Dec_w4
2618,48828636.0,1988,52,1988_Dec_w4
2616,9467920.0,1988,53,1988_Dec_w5
2615,69670716.0,1988,53,1988_Dec_w5
2780,44278805.0,1989,1,1989_Jan_w1
2779,7717455.0,1989,2,1989_Jan_w2
2778,48087246.0,1989,2,1989_Jan_w2
2777,33563148.0,1989,3,1989_Jan_w3
2776,38401690.0,1989,4,1989_Jan_w4
2775,35780058.0,1989,5,1989_Feb_w1
2774,36087027.0,1989,6,1989_Feb_w2
2773,48902089.0,1989,7,1989_Feb_w3
2772,2103520.0,1989,7,1989_Feb_w3
2771,31263007.0,1989,8,1989_Feb_w4
2770,31717654.0,1989,9,1989_Mar_w1
2769,30953692.0,1989,10,1989_Mar_w2
2768,34888656.0,1989,11,1989_Mar_w3
2767,847005.0,1989,12,1989_Mar_w4
2766,28791155.0,1989,12,1989_Mar_w4
2765,25848340.0,1989,13,1989_Mar_w5
2764,32677820.0,1989,14,1989_Apr_w1
2763,31304650.0,1989,15,1989_Apr_w2
2762,35814078.0,1989,16,1989_Apr_w3
2761,33471156.0,1989,17,1989_Apr_w4
2760,31214401.0,1989,18,1989_May_w1
2759,29378516.0,1989,19,1989_May_w2
2758,28392270.0,1989,20,1989_May_w3
2757,67486083.0,1989,21,1989_May_w4
2756,29355021.0,1989,21,1989_May_w4
2755,47075113.0,1989,22,1989_Jun_w1
2754,57019127.0,1989,23,1989_Jun_w2
2753,68032810.0,1989,24,1989_Jun_w3
2752,93294088.0,1989,25,1989_Jun_w4
2750,87793013.0,1989,26,1989_Jun_w5
2751,56670030.0,1989,26,1989_Jun_w5
2749,79223253.0,1989,27,1989_Jul_w1
2748,75470560.0,1989,28,1989_Jul_w2
2747,61437963.0,1989,29,1989_Jul_w3
2746,61417096.0,1989,30,1989_Jul_w4
2745,58919389.0,1989,31,1989_Aug_w1
2744,59460843.0,1989,32,1989_Aug_w2
2743,52164401.0,1989,33,1989_Aug_w3
2742,37305118.0,1989,34,1989_Aug_w4
2741,46737111.0,1989,35,1989_Aug_w5
2740,9470807.0,1989,35,1989_Aug_w5
2739,29178292.0,1989,36,1989_Sep_w1
2738,32380301.0,1989,37,1989_Sep_w2
2737,33489412.0,1989,38,1989_Sep_w3
2736,27672339.0,1989,39,1989_Sep_w4
2735,30862955.0,1989,40,1989_Oct_w1
2734,3453850.0,1989,40,1989_Oct_w1
2733,36551171.0,1989,41,1989_Oct_w2
2732,38482825.0,1989,42,1989_Oct_w3
2731,32628277.0,1989,43,1989_Oct_w4
2730,33758051.0,1989,44,1989_Oct_w5
2729,32865537.0,1989,45,1989_Nov_w1
2728,52044039.0,1989,46,1989_Nov_w2
2727,43721878.0,1989,47,1989_Nov_w3
2726,36408317.0,1989,47,1989_Nov_w3
2725,78085795.0,1989,47,1989_Nov_w3
2724,48323085.0,1989,48,1989_Nov_w4
2723,43716383.0,1989,49,1989_Dec_w1
2722,33020414.0,1989,50,1989_Dec_w2
2721,3312750.0,1989,51,1989_Dec_w3
2720,37598688.0,1989,51,1989_Dec_w3
2718,6645080.0,1989,52,1989_Dec_w4
2719,69247411.0,1989,52,1989_Dec_w4
123,50277102.0,1990,1,1990_Jan_w1
121,44449328.0,1990,2,1990_Jan_w2
122,3249365.0,1990,2,1990_Jan_w2
120,36762815.0,1990,3,1990_Jan_w3
119,32011711.0,1990,4,1990_Jan_w4
118,32182193.0,1990,5,1990_Feb_w1
117,33541808.0,1990,6,1990_Feb_w2
115,46417982.0,1990,7,1990_Feb_w3
116,615600.0,1990,7,1990_Feb_w3
114,28747612.0,1990,8,1990_Feb_w4
113,38823326.0,1990,9,1990_Mar_w1
112,42834849.0,1990,10,1990_Mar_w2
111,39548233.0,1990,11,1990_Mar_w3
110,40597246.0,1990,12,1990_Mar_w4
109,63267046.0,1990,13,1990_Mar_w5
108,60731608.0,1990,14,1990_Apr_w1
107,47501879.0,1990,15,1990_Apr_w2
105,37793313.0,1990,16,1990_Apr_w3
104,37050096.0,1990,17,1990_Apr_w4
103,32275399.0,1990,18,1990_May_w1
102,25007717.0,1990,19,1990_May_w2
101,38933573.0,1990,20,1990_May_w3
100,65824630.0,1990,21,1990_May_w4
99,19110033.0,1990,21,1990_May_w4
98,56448155.0,1990,22,1990_Jun_w1
97,57555168.0,1990,23,1990_Jun_w2
96,67952401.0,1990,24,1990_Jun_w3
95,68700097.0,1990,25,1990_Jun_w4
94,62044286.0,1990,26,1990_Jun_w5
93,64385483.0,1990,27,1990_Jul_w1
92,67517311.0,1990,28,1990_Jul_w2
91,60229578.0,1990,29,1990_Jul_w3
90,63533062.0,1990,30,1990_Jul_w4
89,61075993.0,1990,31,1990_Aug_w1
88,58038480.0,1990,32,1990_Aug_w2
87,54743500.0,1990,33,1990_Aug_w3
86,43625858.0,1990,34,1990_Aug_w4
84,453096.0,1990,35,1990_Aug_w5
85,45500658.0,1990,35,1990_Aug_w5
83,26610869.0,1990,36,1990_Sep_w1
82,32513703.0,1990,37,1990_Sep_w2
81,34219317.0,1990,38,1990_Sep_w3
80,32770487.0,1990,39,1990_Sep_w4
78,42512770.0,1990,40,1990_Oct_w1
79,224847.0,1990,40,1990_Oct_w1
77,36278102.0,1990,41,1990_Oct_w2
76,33132903.0,1990,42,1990_Oct_w3
75,30830042.0,1990,43,1990_Oct_w4
74,31107431.0,1990,44,1990_Oct_w5
73,35781976.0,1990,45,1990_Nov_w1
72,51581133.0,1990,46,1990_Nov_w2
69,74898353.0,1990,47,1990_Nov_w3
68,53003273.0,1990,48,1990_Nov_w4
67,44268120.0,1990,49,1990_Dec_w1
66,47620466.0,1990,50,1990_Dec_w2
65,7918560.0,1990,51,1990_Dec_w3
64,66801669.0,1990,51,1990_Dec_w3
63,115870101.0,1990,52,1990_Dec_w4
62,10965010.0,1990,52,1990_Dec_w4
183,61207542.0,1991,1,1991_Jan_w1
182,53804654.0,1991,2,1991_Jan_w2
180,58218715.0,1991,3,1991_Jan_w3
181,5969190.0,1991,3,1991_Jan_w3
179,39660357.0,1991,4,1991_Jan_w4
178,41679006.0,1991,5,1991_Feb_w1
177,48158676.0,1991,6,1991_Feb_w2
175,1435000.0,1991,7,1991_Feb_w3
176,67739052.0,1991,7,1991_Feb_w3
174,48394172.0,1991,8,1991_Feb_w4
173,50873046.0,1991,9,1991_Mar_w1
172,48607907.0,1991,10,1991_Mar_w2
171,41453637.0,1991,11,1991_Mar_w3
170,53489304.0,1991,12,1991_Mar_w4
168,44378742.0,1991,13,1991_Mar_w5
169,861560.0,1991,13,1991_Mar_w5
167,35178652.0,1991,14,1991_Apr_w1
166,37561756.0,1991,15,1991_Apr_w2
165,33560677.0,1991,16,1991_Apr_w3
164,30725831.0,1991,17,1991_Apr_w4
163,26897017.0,1991,18,1991_May_w1
162,24365631.0,1991,19,1991_May_w2
161,31065177.0,1991,20,1991_May_w3
159,59828164.0,1991,21,1991_May_w4
160,12895550.0,1991,21,1991_May_w4
158,39905894.0,1991,22,1991_Jun_w1
157,46063063.0,1991,23,1991_Jun_w2
156,61945589.0,1991,24,1991_Jun_w3
155,68022567.0,1991,25,1991_Jun_w4
154,67044357.0,1991,26,1991_Jun_w5
153,83267336.0,1991,27,1991_Jul_w1
152,82282134.0,1991,28,1991_Jul_w2
151,70280198.0,1991,29,1991_Jul_w3
150,53146045.0,1991,30,1991_Jul_w4
149,48969676.0,1991,31,1991_Aug_w1
148,46528830.0,1991,32,1991_Aug_w2
147,37743128.0,1991,33,1991_Aug_w3
146,30702128.0,1991,34,1991_Aug_w4
144,4460683.0,1991,35,1991_Aug_w5
145,41478692.0,1991,35,1991_Aug_w5
143,24587347.0,1991,36,1991_Sep_w1
142,32732248.0,1991,37,1991_Sep_w2
141,25831535.0,1991,38,1991_Sep_w3
140,29505944.0,1991,39,1991_Sep_w4
139,34315228.0,1991,40,1991_Oct_w1
138,36825960.0,1991,41,1991_Oct_w2
137,683822.0,1991,41,1991_Oct_w2
136,30333285.0,1991,42,1991_Oct_w3
135,29468087.0,1991,43,1991_Oct_w4
134,35795994.0,1991,44,1991_Oct_w5
133,31506127.0,1991,45,1991_Nov_w1
132,31126454.0,1991,46,1991_Nov_w2
131,56408176.0,1991,47,1991_Nov_w3
128,67570801.0,1991,48,1991_Nov_w4
127,50587856.0,1991,49,1991_Dec_w1
126,48337410.0,1991,50,1991_Dec_w2
125,50724322.0,1991,51,1991_Dec_w3
124,85312546.0,1991,52,1991_Dec_w4
561,70142590.0,1992,1,1992_Jan_w1
560,51597872.0,1992,2,1992_Jan_w2
559,5722135.0,1992,3,1992_Jan_w3
558,67367862.0,1992,3,1992_Jan_w3
557,39966168.0,1992,4,1992_Jan_w4
556,43524788.0,1992,5,1992_Feb_w1
555,43177623.0,1992,6,1992_Feb_w2
553,1621900.0,1992,7,1992_Feb_w3
554,63355957.0,1992,7,1992_Feb_w3
552,44658467.0,1992,8,1992_Feb_w4
551,37515424.0,1992,9,1992_Mar_w1
550,39853359.0,1992,10,1992_Mar_w2
549,38084439.0,1992,11,1992_Mar_w3
548,45233136.0,1992,12,1992_Mar_w4
547,57009104.0,1992,13,1992_Mar_w5
546,54584862.0,1992,14,1992_Apr_w1
545,51324941.0,1992,15,1992_Apr_w2
543,44513288.0,1992,16,1992_Apr_w3
544,7337575.0,1992,16,1992_Apr_w3
542,33951863.0,1992,17,1992_Apr_w4
541,21593829.0,1992,18,1992_May_w1
540,19679091.0,1992,19,1992_May_w2
539,47190333.0,1992,20,1992_May_w3
537,86077997.0,1992,21,1992_May_w4
538,32288558.0,1992,21,1992_May_w4
536,56721978.0,1992,22,1992_Jun_w1
535,59382788.0,1992,23,1992_Jun_w2
534,49824429.0,1992,24,1992_Jun_w3
533,81225132.0,1992,25,1992_Jun_w4
532,64634926.0,1992,26,1992_Jun_w5
531,69963243.0,1992,27,1992_Jul_w1
530,67049163.0,1992,28,1992_Jul_w2
529,54238695.0,1992,29,1992_Jul_w3
528,50516279.0,1992,30,1992_Jul_w4
527,49191333.0,1992,31,1992_Aug_w1
526,54213861.0,1992,32,1992_Aug_w2
525,50140379.0,1992,33,1992_Aug_w3
524,36395662.0,1992,34,1992_Aug_w4
523,34455346.0,1992,35,1992_Aug_w5
521,38245606.0,1992,36,1992_Sep_w1
522,5878961.0,1992,36,1992_Sep_w1
520,29629258.0,1992,37,1992_Sep_w2
519,32832734.0,1992,38,1992_Sep_w3
518,39580764.0,1992,39,1992_Sep_w4
517,41034513.0,1992,40,1992_Oct_w1
515,664231.0,1992,41,1992_Oct_w2
516,51338353.0,1992,41,1992_Oct_w2
514,41832581.0,1992,42,1992_Oct_w3
513,36736075.0,1992,43,1992_Oct_w4
512,28163719.0,1992,44,1992_Oct_w5
511,39566159.0,1992,45,1992_Nov_w1
510,57950758.0,1992,46,1992_Nov_w2
509,72256479.0,1992,47,1992_Nov_w3
508,90120.0,1992,48,1992_Nov_w4
507,76527.0,1992,48,1992_Nov_w4
506,95071935.0,1992,48,1992_Nov_w4
505,57878203.0,1992,49,1992_Dec_w1
504,54288926.0,1992,50,1992_Dec_w2
503,53340937.0,1992,51,1992_Dec_w3
502,76273706.0,1992,52,1992_Dec_w4
305,74620966.0,1993,1,1993_Jan_w1
304,48495587.0,1993,2,1993_Jan_w2
302,65573332.0,1993,3,1993_Jan_w3
303,13720201.0,1993,3,1993_Jan_w3
301,44634723.0,1993,4,1993_Jan_w4
300,37618019.0,1993,5,1993_Feb_w1
299,49146523.0,1993,6,1993_Feb_w2
297,18196519.0,1993,7,1993_Feb_w3
298,62539712.0,1993,7,1993_Feb_w3
296,46957732.0,1993,8,1993_Feb_w4
295,44525022.0,1993,9,1993_Mar_w1
294,39300507.0,1993,10,1993_Mar_w2
293,34558514.0,1993,11,1993_Mar_w3
292,45174953.0,1993,12,1993_Mar_w4
291,36234096.0,1993,13,1993_Mar_w5
290,37601884.0,1993,14,1993_Apr_w1
288,45932687.0,1993,15,1993_Apr_w2
289,5333567.0,1993,15,1993_Apr_w2
287,40127435.0,1993,16,1993_Apr_w3
286,36238299.0,1993,17,1993_Apr_w4
285,29025001.0,1993,18,1993_May_w1
284,32373432.0,1993,19,1993_May_w2
283,34492029.0,1993,20,1993_May_w3
282,45784894.0,1993,21,1993_May_w4
281,77236461.0,1993,22,1993_Jun_w1
280,18336935.0,1993,22,1993_Jun_w1
279,51371856.0,1993,23,1993_Jun_w2
278,76672593.0,1993,24,1993_Jun_w3
277,77409351.0,1993,25,1993_Jun_w4
276,79296509.0,1993,26,1993_Jun_w5
274,52455337.0,1993,27,1993_Jul_w1
275,117631261.0,1993,27,1993_Jul_w1
273,91507571.0,1993,28,1993_Jul_w2
272,77172707.0,1993,29,1993_Jul_w3
271,78336081.0,1993,30,1993_Jul_w4
270,68043739.0,1993,31,1993_Aug_w1
269,66751731.0,1993,32,1993_Aug_w2
268,64583766.0,1993,33,1993_Aug_w3
267,54821866.0,1993,34,1993_Aug_w4
266,44770879.0,1993,35,1993_Aug_w5
265,52107606.0,1993,36,1993_Sep_w1
264,6076192.0,1993,36,1993_Sep_w1
263,31054523.0,1993,37,1993_Sep_w2
262,32317714.0,1993,38,1993_Sep_w3
261,42505243.0,1993,39,1993_Sep_w4
260,49174741.0,1993,40,1993_Oct_w1
258,53114659.0,1993,41,1993_Oct_w2
259,58690311.0,1993,41,1993_Oct_w2
257,49208302.0,1993,42,1993_Oct_w3
256,44163952.0,1993,43,1993_Oct_w4
255,36056496.0,1993,44,1993_Oct_w5
254,39881358.0,1993,45,1993_Nov_w1
253,45203111.0,1993,46,1993_Nov_w2
252,49176285.0,1993,47,1993_Nov_w3
251,2502520.0,1993,48,1993_Nov_w4
250,2209920.0,1993,48,1993_Nov_w4
249,67984479.0,1993,48,1993_Nov_w4
248,39342940.0,1993,49,1993_Dec_w1
247,45674361.0,1993,50,1993_Dec_w2
246,50725691.0,1993,51,1993_Dec_w3
245,48362991.0,1993,52,1993_Dec_w4
244,71733564.0,1993,53,1993_Dec_w5
979,54324728.0,1994,1,1994_Jan_w1
978,65313589.0,1994,2,1994_Jan_w2
977,3733339.0,1994,2,1994_Jan_w2
976,52151876.0,1994,3,1994_Jan_w3
975,42436006.0,1994,4,1994_Jan_w4
974,53164721.0,1994,5,1994_Feb_w1
973,48342371.0,1994,6,1994_Feb_w2
971,9493540.0,1994,7,1994_Feb_w3
972,67655829.0,1994,7,1994_Feb_w3
970,42176741.0,1994,8,1994_Feb_w4
969,35245870.0,1994,9,1994_Mar_w1
968,34521018.0,1994,10,1994_Mar_w2
967,40221420.0,1994,11,1994_Mar_w3
966,46196005.0,1994,12,1994_Mar_w4
964,39524149.0,1994,13,1994_Mar_w5
965,4758935.0,1994,13,1994_Mar_w5
963,36234749.0,1994,14,1994_Apr_w1
962,30803934.0,1994,15,1994_Apr_w2
961,25829496.0,1994,16,1994_Apr_w3
960,26544318.0,1994,17,1994_Apr_w4
959,23926538.0,1994,18,1994_May_w1
958,38863299.0,1994,19,1994_May_w2
957,41436948.0,1994,20,1994_May_w3
955,42582439.0,1994,21,1994_May_w4
956,92118182.0,1994,21,1994_May_w4
954,56173939.0,1994,22,1994_Jun_w1
953,61791562.0,1994,23,1994_Jun_w2
952,64204103.0,1994,24,1994_Jun_w3
951,93704198.0,1994,25,1994_Jun_w4
950,100108303.0,1994,26,1994_Jun_w5
949,4075450.0,1994,26,1994_Jun_w5
948,85646764.0,1994,27,1994_Jul_w1
947,92809137.0,1994,28,1994_Jul_w2
946,93988169.0,1994,29,1994_Jul_w3
945,96043848.0,1994,30,1994_Jul_w4
944,93109647.0,1994,31,1994_Aug_w1
943,79480952.0,1994,32,1994_Aug_w2
942,63357175.0,1994,33,1994_Aug_w3
941,53788246.0,1994,34,1994_Aug_w4
940,62539348.0,1994,35,1994_Aug_w5
939,1004805.0,1994,35,1994_Aug_w5
938,32859150.0,1994,36,1994_Sep_w1
937,34550533.0,1994,37,1994_Sep_w2
936,32749380.0,1994,38,1994_Sep_w3
935,37774192.0,1994,39,1994_Sep_w4
934,475385.0,1994,40,1994_Oct_w1
933,46475330.0,1994,40,1994_Oct_w1
932,49912094.0,1994,41,1994_Oct_w2
931,43597887.0,1994,42,1994_Oct_w3
930,42768466.0,1994,43,1994_Oct_w4
929,47216090.0,1994,44,1994_Oct_w5
928,81584809.0,1994,45,1994_Nov_w1
927,83681438.0,1994,46,1994_Nov_w2
924,85970081.0,1994,47,1994_Nov_w3
923,44705283.0,1994,48,1994_Nov_w4
922,40319763.0,1994,49,1994_Dec_w1
921,48870753.0,1994,50,1994_Dec_w2
920,69243119.0,1994,51,1994_Dec_w3
919,9270742.0,1994,51,1994_Dec_w3
918,12351828.0,1994,52,1994_Dec_w4
917,86236467.0,1994,52,1994_Dec_w4
916,49115738.0,1995,1,1995_Jan_w1
915,79158945.0,1995,2,1995_Jan_w2
914,5242650.0,1995,2,1995_Jan_w2
913,46034285.0,1995,3,1995_Jan_w3
912,35097466.0,1995,4,1995_Jan_w4
911,33050746.0,1995,5,1995_Feb_w1
910,33144426.0,1995,6,1995_Feb_w2
909,57402244.0,1995,7,1995_Feb_w3
908,400395.0,1995,7,1995_Feb_w3
907,36487446.0,1995,8,1995_Feb_w4
906,39255310.0,1995,9,1995_Mar_w1
905,38248250.0,1995,10,1995_Mar_w2
904,38813391.0,1995,11,1995_Mar_w3
903,39691127.0,1995,12,1995_Mar_w4
902,37579992.0,1995,13,1995_Mar_w5
901,49683607.0,1995,14,1995_Apr_w1
900,12420473.0,1995,15,1995_Apr_w2
899,45753689.0,1995,15,1995_Apr_w2
898,42837724.0,1995,16,1995_Apr_w3
897,39464415.0,1995,17,1995_Apr_w4
896,36640243.0,1995,18,1995_May_w1
895,44973684.0,1995,19,1995_May_w2
894,55685726.0,1995,20,1995_May_w3
892,33445924.0,1995,21,1995_May_w4
893,101909625.0,1995,21,1995_May_w4
891,61361625.0,1995,22,1995_Jun_w1
890,69851526.0,1995,23,1995_Jun_w2
889,94611854.0,1995,24,1995_Jun_w3
888,92308167.0,1995,25,1995_Jun_w4
887,65330300.0,1995,26,1995_Jun_w5
886,98694045.0,1995,26,1995_Jun_w5
885,86590302.0,1995,27,1995_Jul_w1
884,83673590.0,1995,28,1995_Jul_w2
883,75474370.0,1995,29,1995_Jul_w3
882,76992901.0,1995,30,1995_Jul_w4
881,73191081.0,1995,31,1995_Aug_w1
880,69656248.0,1995,32,1995_Aug_w2
879,70040087.0,1995,33,1995_Aug_w3
878,52424810.0,1995,34,1995_Aug_w4
877,53817582.0,1995,35,1995_Aug_w5
876,4181094.0,1995,35,1995_Aug_w5
875,34269144.0,1995,36,1995_Sep_w1
874,30722545.0,1995,37,1995_Sep_w2
873,40976642.0,1995,38,1995_Sep_w3
872,43393255.0,1995,39,1995_Sep_w4
870,52792066.0,1995,40,1995_Oct_w1
871,514949.0,1995,40,1995_Oct_w1
869,44275535.0,1995,41,1995_Oct_w2
868,45035243.0,1995,42,1995_Oct_w3
867,44967686.0,1995,43,1995_Oct_w4
866,46916688.0,1995,44,1995_Oct_w5
865,69246023.0,1995,45,1995_Nov_w1
864,76161016.0,1995,46,1995_Nov_w2
861,104321711.0,1995,47,1995_Nov_w3
862,34406554.0,1995,47,1995_Nov_w3
863,39232451.0,1995,47,1995_Nov_w3
860,59293975.0,1995,48,1995_Nov_w4
859,47055393.0,1995,49,1995_Dec_w1
858,54343896.0,1995,50,1995_Dec_w2
856,9858698.0,1995,51,1995_Dec_w3
857,75746340.0,1995,51,1995_Dec_w3
854,114332437.0,1995,52,1995_Dec_w4
855,15588776.0,1995,52,1995_Dec_w4
621,63202684.0,1996,1,1996_Jan_w1
620,75468297.0,1996,2,1996_Jan_w2
619,64034655.0,1996,2,1996_Jan_w2
618,54757505.0,1996,3,1996_Jan_w3
617,41028145.0,1996,4,1996_Jan_w4
616,48469508.0,1996,5,1996_Feb_w1
615,49595131.0,1996,6,1996_Feb_w2
613,59549684.0,1996,7,1996_Feb_w3
614,70493925.0,1996,7,1996_Feb_w3
612,52427589.0,1996,8,1996_Feb_w4
611,51632867.0,1996,9,1996_Mar_w1
610,61193798.0,1996,10,1996_Mar_w2
609,51912266.0,1996,11,1996_Mar_w3
608,47629389.0,1996,12,1996_Mar_w4
607,45832157.0,1996,13,1996_Mar_w5
605,51365258.0,1996,14,1996_Apr_w1
604,48923712.0,1996,15,1996_Apr_w2
603,42051608.0,1996,16,1996_Apr_w3
602,41544037.0,1996,17,1996_Apr_w4
601,35826765.0,1996,18,1996_May_w1
600,59513572.0,1996,19,1996_May_w2
599,56264125.0,1996,20,1996_May_w3
597,76396920.0,1996,21,1996_May_w4
598,121612593.0,1996,21,1996_May_w4
596,75980973.0,1996,22,1996_Jun_w1
595,76813873.0,1996,23,1996_Jun_w2
594,68983432.0,1996,24,1996_Jun_w3
593,90667546.0,1996,25,1996_Jun_w4
592,97519132.0,1996,26,1996_Jun_w5
591,119549834.0,1996,27,1996_Jul_w1
590,101508998.0,1996,28,1996_Jul_w2
589,73131122.0,1996,29,1996_Jul_w3
588,67547982.0,1996,30,1996_Jul_w4
587,62677987.0,1996,31,1996_Aug_w1
586,61317662.0,1996,32,1996_Aug_w2
585,54394636.0,1996,33,1996_Aug_w3
584,51551710.0,1996,34,1996_Aug_w4
583,62626184.0,1996,35,1996_Aug_w5
582,5189858.0,1996,35,1996_Aug_w5
581,35811017.0,1996,36,1996_Sep_w1
580,33340470.0,1996,37,1996_Sep_w2
579,44173203.0,1996,38,1996_Sep_w3
578,41257611.0,1996,39,1996_Sep_w4
577,44073815.0,1996,40,1996_Oct_w1
576,1439753.0,1996,41,1996_Oct_w2
575,50747255.0,1996,41,1996_Oct_w2
574,49320645.0,1996,42,1996_Oct_w3
573,44417511.0,1996,43,1996_Oct_w4
572,47475297.0,1996,44,1996_Oct_w5
571,67756760.0,1996,45,1996_Nov_w1
570,80546983.0,1996,46,1996_Nov_w2
569,91567605.0,1996,47,1996_Nov_w3
568,410864.0,1996,48,1996_Nov_w4
567,359384.0,1996,48,1996_Nov_w4
566,106879034.0,1996,48,1996_Nov_w4
565,53917380.0,1996,49,1996_Dec_w1
564,61780101.0,1996,50,1996_Dec_w2
563,71079468.0,1996,51,1996_Dec_w3
562,90054966.0,1996,52,1996_Dec_w4
805,70213938.0,1997,1,1997_Jan_w1
804,62315354.0,1997,2,1997_Jan_w2
803,72905249.0,1997,3,1997_Jan_w3
802,14104613.0,1997,3,1997_Jan_w3
801,45079346.0,1997,4,1997_Jan_w4
800,70185950.0,1997,5,1997_Feb_w1
799,65669096.0,1997,6,1997_Feb_w2
798,97349531.0,1997,7,1997_Feb_w3
797,47543029.0,1997,7,1997_Feb_w3
796,73903142.0,1997,8,1997_Feb_w4
795,63409740.0,1997,9,1997_Mar_w1
794,62954749.0,1997,10,1997_Mar_w2
793,60250611.0,1997,11,1997_Mar_w3
792,74303842.0,1997,12,1997_Mar_w4
791,30951657.0,1997,13,1997_Mar_w5
790,69977546.0,1997,13,1997_Mar_w5
789,66303706.0,1997,14,1997_Apr_w1
788,64584676.0,1997,15,1997_Apr_w2
787,52340730.0,1997,16,1997_Apr_w3
786,53119521.0,1997,17,1997_Apr_w4
785,58095541.0,1997,18,1997_May_w1
784,57025548.0,1997,19,1997_May_w2
783,45992130.0,1997,20,1997_May_w3
781,81307511.0,1997,21,1997_May_w4
782,134579279.0,1997,21,1997_May_w4
780,65988739.0,1997,22,1997_Jun_w1
779,62831256.0,1997,23,1997_Jun_w2
778,56508375.0,1997,24,1997_Jun_w3
777,95550443.0,1997,25,1997_Jun_w4
776,92363542.0,1997,26,1997_Jun_w5
775,113786409.0,1997,27,1997_Jul_w1
774,94857243.0,1997,28,1997_Jul_w2
773,93612321.0,1997,29,1997_Jul_w3
772,101320619.0,1997,30,1997_Jul_w4
771,93114860.0,1997,31,1997_Aug_w1
770,78139519.0,1997,32,1997_Aug_w2
769,70473999.0,1997,33,1997_Aug_w3
768,65746855.0,1997,34,1997_Aug_w4
767,68345712.0,1997,35,1997_Aug_w5
766,19239290.0,1997,35,1997_Aug_w5
765,37641254.0,1997,36,1997_Sep_w1
764,38503336.0,1997,37,1997_Sep_w2
763,49465428.0,1997,38,1997_Sep_w3
762,60725880.0,1997,39,1997_Sep_w4
761,56621252.0,1997,40,1997_Oct_w1
759,54339832.0,1997,41,1997_Oct_w2
760,6692408.0,1997,41,1997_Oct_w2
758,58860520.0,1997,42,1997_Oct_w3
757,49334810.0,1997,43,1997_Oct_w4
756,45571178.0,1997,44,1997_Oct_w5
755,67822130.0,1997,45,1997_Nov_w1
754,62856559.0,1997,46,1997_Nov_w2
753,75964305.0,1997,47,1997_Nov_w3
750,95033324.0,1997,48,1997_Nov_w4
751,7574342.0,1997,48,1997_Nov_w4
752,8445232.0,1997,48,1997_Nov_w4
749,42185260.0,1997,49,1997_Dec_w1
748,69091403.0,1997,50,1997_Dec_w2
747,91234918.0,1997,51,1997_Dec_w3
746,120126820.0,1997,52,1997_Dec_w4
2614,99724650.0,1998,1,1998_Jan_w1
2613,81765867.0,1998,2,1998_Jan_w2
2611,45851383.0,1998,3,1998_Jan_w3
2612,107524749.0,1998,3,1998_Jan_w3
2610,73736097.0,1998,4,1998_Jan_w4
2609,78428611.0,1998,5,1998_Feb_w1
2608,67270197.0,1998,6,1998_Feb_w2
2606,77595132.0,1998,7,1998_Feb_w3
2607,109358965.0,1998,7,1998_Feb_w3
2605,69035775.0,1998,8,1998_Feb_w4
2604,59731377.0,1998,9,1998_Mar_w1
2603,71119186.0,1998,10,1998_Mar_w2
2602,70183720.0,1998,11,1998_Mar_w3
2601,74758281.0,1998,12,1998_Mar_w4
2600,66059802.0,1998,13,1998_Mar_w5
2599,67890972.0,1998,14,1998_Apr_w1
2598,14725809.0,1998,15,1998_Apr_w2
2597,68792678.0,1998,15,1998_Apr_w2
2596,59481924.0,1998,16,1998_Apr_w3
2595,46746646.0,1998,17,1998_Apr_w4
2594,45568806.0,1998,18,1998_May_w1
2593,67299336.0,1998,19,1998_May_w2
2592,56840169.0,1998,20,1998_May_w3
2591,120893367.0,1998,21,1998_May_w4
2590,67539654.0,1998,21,1998_May_w4
2589,66525811.0,1998,22,1998_Jun_w1
2588,85102476.0,1998,23,1998_Jun_w2
2587,80498039.0,1998,24,1998_Jun_w3
2586,98720793.0,1998,25,1998_Jun_w4
2585,99152870.0,1998,26,1998_Jun_w5
2584,98168592.0,1998,27,1998_Jul_w1
2583,112926841.0,1998,28,1998_Jul_w2
2582,106282793.0,1998,29,1998_Jul_w3
2581,110551157.0,1998,30,1998_Jul_w4
2580,96361741.0,1998,31,1998_Aug_w1
2579,97415181.0,1998,32,1998_Aug_w2
2578,80730140.0,1998,33,1998_Aug_w3
2577,67766658.0,1998,34,1998_Aug_w4
2576,54769564.0,1998,35,1998_Aug_w5
2574,18708033.0,1998,36,1998_Sep_w1
2575,57518654.0,1998,36,1998_Sep_w1
2573,37299155.0,1998,37,1998_Sep_w2
2572,64340871.0,1998,38,1998_Sep_w3
2571,64079026.0,1998,39,1998_Sep_w4
2570,80265375.0,1998,40,1998_Oct_w1
2568,63399951.0,1998,41,1998_Oct_w2
2569,19063164.0,1998,41,1998_Oct_w2
2567,70892334.0,1998,42,1998_Oct_w3
2566,59381827.0,1998,43,1998_Oct_w4
2565,43177456.0,1998,44,1998_Oct_w5
2564,88945179.0,1998,45,1998_Nov_w1
2563,83456705.0,1998,46,1998_Nov_w2
2562,90114208.0,1998,47,1998_Nov_w3
2559,112913578.0,1998,48,1998_Nov_w4
2560,41673088.0,1998,48,1998_Nov_w4
2561,46935463.0,1998,48,1998_Nov_w4
2558,61223999.0,1998,49,1998_Dec_w1
2557,64385402.0,1998,50,1998_Dec_w2
2556,70002410.0,1998,51,1998_Dec_w3
2555,126493363.0,1998,52,1998_Dec_w4
2554,96199635.0,1999,1,1999_Jan_w1
2553,71121141.0,1999,2,1999_Jan_w2
2551,54023156.0,1999,3,1999_Jan_w3
2552,92568087.0,1999,3,1999_Jan_w3
2550,57142409.0,1999,4,1999_Jan_w4
2549,52024366.0,1999,5,1999_Feb_w1
2548,58206047.0,1999,6,1999_Feb_w2
2546,55488096.0,1999,7,1999_Feb_w3
2547,90414313.0,1999,7,1999_Feb_w3
2545,59536388.0,1999,8,1999_Feb_w4
2544,58589554.0,1999,9,1999_Mar_w1
2543,64854188.0,1999,10,1999_Mar_w2
2542,62058608.0,1999,11,1999_Mar_w3
2541,55210480.0,1999,12,1999_Mar_w4
2540,52845536.0,1999,13,1999_Mar_w5
2538,72747211.0,1999,14,1999_Apr_w1
2539,33325185.0,1999,14,1999_Apr_w1
2537,65123118.0,1999,15,1999_Apr_w2
2536,66575853.0,1999,16,1999_Apr_w3
2535,47982849.0,1999,17,1999_Apr_w4
2534,48866412.0,1999,18,1999_May_w1
2533,75882886.0,1999,19,1999_May_w2
2532,59008671.0,1999,20,1999_May_w3
2531,99552834.0,1999,21,1999_May_w4
2529,90494269.0,1999,22,1999_Jun_w1
2530,129902721.0,1999,22,1999_Jun_w1
2528,77058968.0,1999,23,1999_Jun_w2
2527,111640750.0,1999,24,1999_Jun_w3
2526,123436945.0,1999,25,1999_Jun_w4
2525,125015078.0,1999,26,1999_Jun_w5
2524,79915264.0,1999,27,1999_Jul_w1
2523,114717534.0,1999,27,1999_Jul_w1
2522,102677169.0,1999,28,1999_Jul_w2
2521,98446172.0,1999,29,1999_Jul_w3
2520,106341729.0,1999,30,1999_Jul_w4
2519,133878394.0,1999,31,1999_Aug_w1
2518,133117335.0,1999,32,1999_Aug_w2
2517,107182350.0,1999,33,1999_Aug_w3
2516,84504737.0,1999,34,1999_Aug_w4
2515,70233626.0,1999,35,1999_Aug_w5
2514,82141478.0,1999,36,1999_Sep_w1
2513,64374500.0,1999,36,1999_Sep_w1
2512,59580103.0,1999,37,1999_Sep_w2
2511,65709789.0,1999,38,1999_Sep_w3
2510,69030702.0,1999,39,1999_Sep_w4
2509,75201707.0,1999,40,1999_Oct_w1
2507,77198159.0,1999,41,1999_Oct_w2
2508,62512514.0,1999,41,1999_Oct_w2
2506,67432995.0,1999,42,1999_Oct_w3
2505,57181140.0,1999,43,1999_Oct_w4
2504,50438110.0,1999,44,1999_Oct_w5
2503,58984616.0,1999,45,1999_Nov_w1
2502,83281048.0,1999,46,1999_Nov_w2
2501,101348101.0,1999,47,1999_Nov_w3
2498,142914598.0,1999,48,1999_Nov_w4
2499,107717980.0,1999,48,1999_Nov_w4
2500,122937210.0,1999,48,1999_Nov_w4
2497,68596332.0,1999,49,1999_Dec_w1
2496,69153933.0,1999,50,1999_Dec_w2
2495,72834147.0,1999,51,1999_Dec_w3
2494,88768536.0,1999,52,1999_Dec_w4
2493,98775026.0,1999,53,1999_Dec_w5
1688,74169526.0,2000,1,2000_Jan_w1
1687,92328614.0,2000,2,2000_Jan_w2
1686,77115947.0,2000,2,2000_Jan_w2
1685,53118997.0,2000,3,2000_Jan_w3
1684,42010952.0,2000,4,2000_Jan_w4
1683,67949978.0,2000,5,2000_Feb_w1
1682,71894913.0,2000,6,2000_Feb_w2
1680,82586366.0,2000,7,2000_Feb_w3
1681,105833032.0,2000,7,2000_Feb_w3
1679,66413722.0,2000,8,2000_Feb_w4
1678,51441138.0,2000,9,2000_Mar_w1
1677,61089854.0,2000,10,2000_Mar_w2
1676,71227498.0,2000,11,2000_Mar_w3
1675,70001108.0,2000,12,2000_Mar_w4
1674,72074699.0,2000,13,2000_Mar_w5
1673,69411543.0,2000,14,2000_Apr_w1
1672,62238028.0,2000,15,2000_Apr_w2
1670,70397639.0,2000,16,2000_Apr_w3
1671,74620570.0,2000,16,2000_Apr_w3
1669,64213479.0,2000,17,2000_Apr_w4
1668,73974852.0,2000,18,2000_May_w1
1667,67300737.0,2000,19,2000_May_w2
1666,99438784.0,2000,20,2000_May_w3
1664,106840609.0,2000,21,2000_May_w4
1665,168482598.0,2000,21,2000_May_w4
1663,95077357.0,2000,22,2000_Jun_w1
1662,90433502.0,2000,23,2000_Jun_w2
1661,94155016.0,2000,24,2000_Jun_w3
1660,94088127.0,2000,25,2000_Jun_w4
1659,157254073.0,2000,26,2000_Jun_w5
1658,122460933.0,2000,26,2000_Jun_w5
1657,131658470.0,2000,27,2000_Jul_w1
1656,140259924.0,2000,28,2000_Jul_w2
1655,124114586.0,2000,29,2000_Jul_w3
1654,117342589.0,2000,30,2000_Jul_w4
1653,114097294.0,2000,31,2000_Aug_w1
1652,92196014.0,2000,32,2000_Aug_w2
1651,79747611.0,2000,33,2000_Aug_w3
1650,69438933.0,2000,34,2000_Aug_w4
1649,69478205.0,2000,35,2000_Aug_w5
1648,44741276.0,2000,35,2000_Aug_w5
1647,41681570.0,2000,36,2000_Sep_w1
1646,34760709.0,2000,37,2000_Sep_w2
1645,44541332.0,2000,38,2000_Sep_w3
1644,50235733.0,2000,39,2000_Sep_w4
1642,74008718.0,2000,40,2000_Oct_w1
1643,61203642.0,2000,40,2000_Oct_w1
1641,70466230.0,2000,41,2000_Oct_w2
1640,67346403.0,2000,42,2000_Oct_w3
1639,67898055.0,2000,43,2000_Oct_w4
1638,92320475.0,2000,44,2000_Oct_w5
1637,92712524.0,2000,45,2000_Nov_w1
1636,143270337.0,2000,46,2000_Nov_w2
1633,163233836.0,2000,47,2000_Nov_w3
1634,162812121.0,2000,47,2000_Nov_w3
1635,185156440.0,2000,47,2000_Nov_w3
1632,80009485.0,2000,48,2000_Nov_w4
1631,77568179.0,2000,49,2000_Dec_w1
1630,96241758.0,2000,50,2000_Dec_w2
1628,92504427.0,2000,51,2000_Dec_w3
1629,138380803.0,2000,51,2000_Dec_w3
1626,152276541.0,2000,52,2000_Dec_w4
1627,112260049.0,2000,52,2000_Dec_w4
1625,99460710.0,2001,1,2001_Jan_w1
1624,134476419.0,2001,2,2001_Jan_w2
1623,79336430.0,2001,2,2001_Jan_w2
1622,80780055.0,2001,3,2001_Jan_w3
1621,66851732.0,2001,4,2001_Jan_w4
1620,65065730.0,2001,5,2001_Feb_w1
1619,102923335.0,2001,6,2001_Feb_w2
1618,118551963.0,2001,7,2001_Feb_w3
1617,82556340.0,2001,7,2001_Feb_w3
1616,69754742.0,2001,8,2001_Feb_w4
1615,70619092.0,2001,9,2001_Mar_w1
1614,59297702.0,2001,10,2001_Mar_w2
1613,68073729.0,2001,11,2001_Mar_w3
1612,63033676.0,2001,12,2001_Mar_w4
1611,78251050.0,2001,13,2001_Mar_w5
1610,76825254.0,2001,14,2001_Apr_w1
1609,24270151.0,2001,15,2001_Apr_w2
1608,70892715.0,2001,15,2001_Apr_w2
1607,64219275.0,2001,16,2001_Apr_w3
1606,50386961.0,2001,17,2001_Apr_w4
1605,97218110.0,2001,18,2001_May_w1
1604,69550714.0,2001,19,2001_May_w2
1603,94294422.0,2001,20,2001_May_w3
1601,137422090.0,2001,21,2001_May_w4
1602,175566618.0,2001,21,2001_May_w4
1600,120274270.0,2001,22,2001_Jun_w1
1599,93076000.0,2001,23,2001_Jun_w2
1598,127001747.0,2001,24,2001_Jun_w3
1597,132493383.0,2001,25,2001_Jun_w4
1596,113812114.0,2001,26,2001_Jun_w5
1595,114917024.0,2001,27,2001_Jul_w1
1594,103073616.0,2001,28,2001_Jul_w2
1593,130460690.0,2001,29,2001_Jul_w3
1592,140388522.0,2001,30,2001_Jul_w4
1591,159718832.0,2001,31,2001_Aug_w1
1590,143895822.0,2001,32,2001_Aug_w2
1589,98535024.0,2001,33,2001_Aug_w3
1588,76812343.0,2001,34,2001_Aug_w4
1587,87742692.0,2001,35,2001_Aug_w5
1586,70470375.0,2001,35,2001_Aug_w5
1585,57243510.0,2001,36,2001_Sep_w1
1584,48256060.0,2001,37,2001_Sep_w2
1583,39168070.0,2001,38,2001_Sep_w3
1582,61239377.0,2001,39,2001_Sep_w4
1580,81033528.0,2001,40,2001_Oct_w1
1581,2646893.0,2001,40,2001_Oct_w1
1579,73642569.0,2001,41,2001_Oct_w2
1578,67433022.0,2001,42,2001_Oct_w3
1577,67855902.0,2001,43,2001_Oct_w4
1576,129494878.0,2001,44,2001_Oct_w5
1575,112416838.0,2001,45,2001_Nov_w1
1574,150075625.0,2001,46,2001_Nov_w2
1573,185370002.0,2001,47,2001_Nov_w3
1572,159509399.0,2001,47,2001_Nov_w3
1571,138700810.0,2001,47,2001_Nov_w3
1570,79717385.0,2001,48,2001_Nov_w4
1569,81015513.0,2001,49,2001_Dec_w1
1568,86788851.0,2001,50,2001_Dec_w2
1567,173502067.0,2001,51,2001_Dec_w3
1566,119543145.0,2001,51,2001_Dec_w3
1564,204129883.0,2001,52,2001_Dec_w4
1565,136876018.0,2001,52,2001_Dec_w4
1808,98217854.0,2002,1,2002_Jan_w1
1807,83274097.0,2002,2,2002_Jan_w2
1805,99718554.0,2002,3,2002_Jan_w3
1806,122540384.0,2002,3,2002_Jan_w3
1804,103940396.0,2002,4,2002_Jan_w4
1803,73420948.0,2002,5,2002_Feb_w1
1802,78600551.0,2002,6,2002_Feb_w2
1800,97249142.0,2002,7,2002_Feb_w3
1801,116732273.0,2002,7,2002_Feb_w3
1799,77302434.0,2002,8,2002_Feb_w4
1798,77318057.0,2002,9,2002_Mar_w1
1797,78308340.0,2002,10,2002_Mar_w2
1796,116789443.0,2002,11,2002_Mar_w3
1795,113639084.0,2002,12,2002_Mar_w4
1793,108914420.0,2002,13,2002_Mar_w5
1794,123464532.0,2002,13,2002_Mar_w5
1792,89287375.0,2002,14,2002_Apr_w1
1791,78604727.0,2002,15,2002_Apr_w2
1790,88831177.0,2002,16,2002_Apr_w3
1789,67131090.0,2002,17,2002_Apr_w4
1788,148621966.0,2002,18,2002_May_w1
1787,112776680.0,2002,19,2002_May_w2
1786,160667616.0,2002,20,2002_May_w3
1784,150537889.0,2002,21,2002_May_w4
1785,188868729.0,2002,21,2002_May_w4
1783,115078126.0,2002,22,2002_Jun_w1
1782,99891208.0,2002,23,2002_Jun_w2
1781,150600635.0,2002,24,2002_Jun_w3
1780,146017182.0,2002,25,2002_Jun_w4
1779,125614968.0,2002,26,2002_Jun_w5
1778,134225169.0,2002,27,2002_Jul_w1
1777,123629198.0,2002,28,2002_Jul_w2
1776,94136132.0,2002,29,2002_Jul_w3
1775,129688399.0,2002,30,2002_Jul_w4
1774,137681488.0,2002,31,2002_Aug_w1
1773,129287848.0,2002,32,2002_Aug_w2
1772,95548336.0,2002,33,2002_Aug_w3
1771,71441081.0,2002,34,2002_Aug_w4
1769,65616415.0,2002,35,2002_Aug_w5
1770,84684178.0,2002,35,2002_Aug_w5
1768,55776823.0,2002,36,2002_Sep_w1
1767,69672402.0,2002,37,2002_Sep_w2
1766,64605510.0,2002,38,2002_Sep_w3
1765,88803978.0,2002,39,2002_Sep_w4
1764,98121206.0,2002,40,2002_Oct_w1
1762,87173297.0,2002,41,2002_Oct_w2
1763,89865799.0,2002,41,2002_Oct_w2
1761,67633772.0,2002,42,2002_Oct_w3
1760,81807831.0,2002,43,2002_Oct_w4
1759,97888832.0,2002,44,2002_Oct_w5
1758,125751491.0,2002,45,2002_Nov_w1
1757,158828971.0,2002,46,2002_Nov_w2
1756,141700919.0,2002,47,2002_Nov_w3
1753,127058801.0,2002,48,2002_Nov_w4
1754,157209548.0,2002,48,2002_Nov_w4
1755,182703629.0,2002,48,2002_Nov_w4
1752,63842353.0,2002,49,2002_Dec_w1
1751,86924905.0,2002,50,2002_Dec_w2
1750,126680212.0,2002,51,2002_Dec_w3
1749,149298188.0,2002,52,2002_Dec_w4
1995,102574723.0,2003,1,2003_Jan_w1
1994,82340691.0,2003,2,2003_Jan_w2
1992,93826020.0,2003,3,2003_Jan_w3
1993,112538187.0,2003,3,2003_Jan_w3
1991,74311778.0,2003,4,2003_Jan_w4
1990,85451156.0,2003,5,2003_Feb_w1
1989,96780739.0,2003,6,2003_Feb_w2
1987,118587785.0,2003,7,2003_Feb_w3
1988,133982805.0,2003,7,2003_Feb_w3
1986,89941443.0,2003,8,2003_Feb_w4
1985,82258706.0,2003,9,2003_Mar_w1
1984,91857671.0,2003,10,2003_Mar_w2
1983,87369412.0,2003,11,2003_Mar_w3
1982,78907557.0,2003,12,2003_Mar_w4
1981,82355910.0,2003,13,2003_Mar_w5
1980,77836780.0,2003,14,2003_Apr_w1
1979,81221364.0,2003,15,2003_Apr_w2
1978,94127943.0,2003,16,2003_Apr_w3
1977,83540823.0,2003,16,2003_Apr_w3
1976,71671372.0,2003,17,2003_Apr_w4
1975,138756540.0,2003,18,2003_May_w1
1974,100308486.0,2003,19,2003_May_w2
1973,153155481.0,2003,20,2003_May_w3
1972,189501916.0,2003,21,2003_May_w4
1971,150430213.0,2003,21,2003_May_w4
1970,166212620.0,2003,22,2003_Jun_w1
1969,154965259.0,2003,23,2003_Jun_w2
1968,114371490.0,2003,24,2003_Jun_w3
1967,138565602.0,2003,25,2003_Jun_w4
1966,107713698.0,2003,26,2003_Jun_w5
1965,123267847.0,2003,27,2003_Jul_w1
1964,131792592.0,2003,28,2003_Jul_w2
1963,134729265.0,2003,29,2003_Jul_w3
1962,141886062.0,2003,30,2003_Jul_w4
1961,127890683.0,2003,31,2003_Aug_w1
1960,125206737.0,2003,32,2003_Aug_w2
1959,127283862.0,2003,33,2003_Aug_w3
1958,80395694.0,2003,34,2003_Aug_w4
1956,75172635.0,2003,35,2003_Aug_w5
1957,97613356.0,2003,35,2003_Aug_w5
1955,46118364.0,2003,36,2003_Sep_w1
1954,69711433.0,2003,37,2003_Sep_w2
1953,87127122.0,2003,38,2003_Sep_w3
1952,74175948.0,2003,39,2003_Sep_w4
1951,76465128.0,2003,40,2003_Oct_w1
1949,93729703.0,2003,41,2003_Oct_w2
1950,82825037.0,2003,41,2003_Oct_w2
1948,100497930.0,2003,42,2003_Oct_w3
1947,117441060.0,2003,43,2003_Oct_w4
1946,87785845.0,2003,44,2003_Oct_w5
1945,141589384.0,2003,45,2003_Nov_w1
1944,117578520.0,2003,46,2003_Nov_w2
1943,123088624.0,2003,47,2003_Nov_w3
1940,140720533.0,2003,48,2003_Nov_w4
1941,170718573.0,2003,48,2003_Nov_w4
1942,195396446.0,2003,48,2003_Nov_w4
1939,85431721.0,2003,49,2003_Dec_w1
1938,76169972.0,2003,50,2003_Dec_w2
1937,128315844.0,2003,51,2003_Dec_w3
1936,159452644.0,2003,52,2003_Dec_w4
2366,114997701.0,2004,1,2004_Jan_w1
2365,83360349.0,2004,2,2004_Jan_w2
2363,107223556.0,2004,3,2004_Jan_w3
2364,90004004.0,2004,3,2004_Jan_w3
2362,77928970.0,2004,4,2004_Jan_w4
2361,67426484.0,2004,5,2004_Feb_w1
2360,85154544.0,2004,6,2004_Feb_w2
2358,115271903.0,2004,7,2004_Feb_w3
2359,100035678.0,2004,7,2004_Feb_w3
2357,69238343.0,2004,8,2004_Feb_w4
2356,135527084.0,2004,9,2004_Mar_w1
2355,127593283.0,2004,10,2004_Mar_w2
2354,101274843.0,2004,11,2004_Mar_w3
2353,105621482.0,2004,12,2004_Mar_w4
2352,102319550.0,2004,13,2004_Mar_w5
2351,107623883.0,2004,14,2004_Apr_w1
2349,87892722.0,2004,15,2004_Apr_w2
2350,100388487.0,2004,15,2004_Apr_w2
2348,78968385.0,2004,16,2004_Apr_w3
2347,78861223.0,2004,17,2004_Apr_w4
2346,83177726.0,2004,18,2004_May_w1
2345,98399021.0,2004,19,2004_May_w2
2344,100629677.0,2004,20,2004_May_w3
2343,161847766.0,2004,21,2004_May_w4
2342,184125061.0,2004,22,2004_Jun_w1
2341,236850123.0,2004,22,2004_Jun_w1
2340,182021652.0,2004,23,2004_Jun_w2
2339,151332493.0,2004,24,2004_Jun_w3
2338,128069046.0,2004,25,2004_Jun_w4
2337,129176051.0,2004,26,2004_Jun_w5
2336,154099164.0,2004,27,2004_Jul_w1
2335,206950910.0,2004,27,2004_Jul_w1
2334,131827683.0,2004,28,2004_Jul_w2
2333,134570481.0,2004,29,2004_Jul_w3
2332,135184908.0,2004,30,2004_Jul_w4
2331,136648459.0,2004,31,2004_Aug_w1
2330,93818029.0,2004,32,2004_Aug_w2
2329,119841838.0,2004,33,2004_Aug_w3
2328,96455296.0,2004,34,2004_Aug_w4
2327,78830121.0,2004,35,2004_Aug_w5
2325,58998603.0,2004,36,2004_Sep_w1
2326,75033354.0,2004,36,2004_Sep_w1
2324,59095246.0,2004,37,2004_Sep_w2
2323,60061974.0,2004,38,2004_Sep_w3
2322,55689771.0,2004,39,2004_Sep_w4
2321,98687284.0,2004,40,2004_Oct_w1
2319,106647546.0,2004,41,2004_Oct_w2
2320,95535064.0,2004,41,2004_Oct_w2
2318,86263922.0,2004,42,2004_Oct_w3
2317,95443105.0,2004,43,2004_Oct_w4
2316,88903187.0,2004,44,2004_Oct_w5
2315,131864106.0,2004,45,2004_Nov_w1
2314,131257704.0,2004,46,2004_Nov_w2
2313,139057519.0,2004,47,2004_Nov_w3
2310,146437423.0,2004,48,2004_Nov_w4
2311,178346730.0,2004,48,2004_Nov_w4
2312,205521213.0,2004,48,2004_Nov_w4
2309,75632953.0,2004,49,2004_Dec_w1
2308,98593405.0,2004,50,2004_Dec_w2
2307,94894514.0,2004,51,2004_Dec_w3
2306,112673267.0,2004,52,2004_Dec_w4
2305,114961674.0,2004,53,2004_Dec_w5
2429,93376849.0,2005,1,2005_Jan_w1
2427,112075179.0,2005,2,2005_Jan_w2
2428,135910983.0,2005,2,2005_Jan_w2
2426,78920270.0,2005,3,2005_Jan_w3
2425,97441087.0,2005,4,2005_Jan_w4
2424,81760868.0,2005,5,2005_Feb_w1
2423,98317419.0,2005,6,2005_Feb_w2
2421,109619134.0,2005,7,2005_Feb_w3
2422,129703618.0,2005,7,2005_Feb_w3
2420,98868991.0,2005,8,2005_Feb_w4
2419,104740602.0,2005,9,2005_Mar_w1
2418,100272952.0,2005,10,2005_Mar_w2
2417,102331011.0,2005,11,2005_Mar_w3
2415,86905815.0,2005,12,2005_Mar_w4
2416,100063419.0,2005,12,2005_Mar_w4
2414,92823733.0,2005,13,2005_Mar_w5
2413,75815725.0,2005,14,2005_Apr_w1
2412,71312645.0,2005,15,2005_Apr_w2
2411,78875513.0,2005,16,2005_Apr_w3
2410,78058370.0,2005,17,2005_Apr_w4
2409,76115341.0,2005,18,2005_May_w1
2408,91747480.0,2005,19,2005_May_w2
2407,155603666.0,2005,20,2005_May_w3
2405,176095556.0,2005,21,2005_May_w4
2406,223962788.0,2005,21,2005_May_w4
2404,124821684.0,2005,22,2005_Jun_w1
2403,134230550.0,2005,23,2005_Jun_w2
2402,127046966.0,2005,24,2005_Jun_w3
2401,113398236.0,2005,25,2005_Jun_w4
2399,129652252.0,2005,26,2005_Jun_w5
2400,155959727.0,2005,26,2005_Jun_w5
2398,135633138.0,2005,27,2005_Jul_w1
2397,150770053.0,2005,28,2005_Jul_w2
2396,124012308.0,2005,29,2005_Jul_w3
2395,105645982.0,2005,30,2005_Jul_w4
2394,98480327.0,2005,31,2005_Aug_w1
2393,100228294.0,2005,32,2005_Aug_w2
2392,92953567.0,2005,33,2005_Aug_w3
2391,77824346.0,2005,34,2005_Aug_w4
2389,72867782.0,2005,35,2005_Aug_w5
2390,91625845.0,2005,35,2005_Aug_w5
2388,70635980.0,2005,36,2005_Sep_w1
2387,66381308.0,2005,37,2005_Sep_w2
2386,84333686.0,2005,38,2005_Sep_w3
2385,71498614.0,2005,39,2005_Sep_w4
2384,91725237.0,2005,40,2005_Oct_w1
2383,80874687.0,2005,40,2005_Oct_w1
2382,66154387.0,2005,41,2005_Oct_w2
2381,65691999.0,2005,42,2005_Oct_w3
2380,82583718.0,2005,43,2005_Oct_w4
2379,115339866.0,2005,44,2005_Oct_w5
2378,106966552.0,2005,45,2005_Nov_w1
2377,168987940.0,2005,46,2005_Nov_w2
2374,143088210.0,2005,47,2005_Nov_w3
2375,168702261.0,2005,47,2005_Nov_w3
2376,200877176.0,2005,47,2005_Nov_w3
2373,73570458.0,2005,48,2005_Nov_w4
2372,113612356.0,2005,49,2005_Dec_w1
2371,119305835.0,2005,50,2005_Dec_w2
2369,149695276.0,2005,51,2005_Dec_w3
2370,94745376.0,2005,51,2005_Dec_w3
2368,159848290.0,2005,52,2005_Dec_w4
2367,123334934.0,2005,52,2005_Dec_w4
2242,97887282.0,2006,1,2006_Jan_w1
2240,92636327.0,2006,2,2006_Jan_w2
2241,114402747.0,2006,2,2006_Jan_w2
2239,87776641.0,2006,3,2006_Jan_w3
2238,93425268.0,2006,4,2006_Jan_w4
2237,76084313.0,2006,5,2006_Feb_w1
2236,98949725.0,2006,6,2006_Feb_w2
2234,106280152.0,2006,7,2006_Feb_w3
2235,128140794.0,2006,7,2006_Feb_w3
2233,94930097.0,2006,8,2006_Feb_w4
2232,77823578.0,2006,9,2006_Mar_w1
2231,88857740.0,2006,10,2006_Mar_w2
2230,89715805.0,2006,11,2006_Mar_w3
2229,95002772.0,2006,12,2006_Mar_w4
2228,127044749.0,2006,13,2006_Mar_w5
2227,99082969.0,2006,14,2006_Apr_w1
2225,107052016.0,2006,15,2006_Apr_w2
2226,120316887.0,2006,15,2006_Apr_w2
2224,95425388.0,2006,16,2006_Apr_w3
2223,86027988.0,2006,17,2006_Apr_w4
2222,94591176.0,2006,18,2006_May_w1
2221,80908534.0,2006,19,2006_May_w2
2220,153143247.0,2006,20,2006_May_w3
2218,186924554.0,2006,21,2006_May_w4
2219,230014025.0,2006,21,2006_May_w4
2217,128081069.0,2006,22,2006_Jun_w1
2216,144546385.0,2006,23,2006_Jun_w2
2215,139818068.0,2006,24,2006_Jun_w3
2214,124781927.0,2006,25,2006_Jun_w4
2213,203866345.0,2006,26,2006_Jun_w5
2212,139186743.0,2006,26,2006_Jun_w5
2211,207346655.0,2006,27,2006_Jul_w1
2210,147808292.0,2006,28,2006_Jul_w2
2209,137618515.0,2006,29,2006_Jul_w3
2208,108847779.0,2006,30,2006_Jul_w4
2207,116349093.0,2006,31,2006_Aug_w1
2206,103779263.0,2006,32,2006_Aug_w2
2205,85216005.0,2006,33,2006_Aug_w3
2204,75796177.0,2006,34,2006_Aug_w4
2202,70735453.0,2006,35,2006_Aug_w5
2203,88992177.0,2006,35,2006_Aug_w5
2201,49006882.0,2006,36,2006_Sep_w1
2200,56361184.0,2006,37,2006_Sep_w2
2199,77173306.0,2006,38,2006_Sep_w3
2198,83332898.0,2006,39,2006_Sep_w4
2196,98930483.0,2006,40,2006_Oct_w1
2197,109260001.0,2006,40,2006_Oct_w1
2195,96953720.0,2006,41,2006_Oct_w2
2194,81965050.0,2006,42,2006_Oct_w3
2193,83339526.0,2006,43,2006_Oct_w4
2192,108871420.0,2006,44,2006_Oct_w5
2191,106197176.0,2006,45,2006_Nov_w1
2190,129362388.0,2006,46,2006_Nov_w2
2187,140743238.0,2006,47,2006_Nov_w3
2188,170601845.0,2006,47,2006_Nov_w3
2189,197266639.0,2006,47,2006_Nov_w3
2186,77200141.0,2006,48,2006_Nov_w4
2185,82696524.0,2006,49,2006_Dec_w1
2184,106010696.0,2006,50,2006_Dec_w2
2183,145773272.0,2006,51,2006_Dec_w3
2182,102661049.0,2006,51,2006_Dec_w3
2181,134142131.0,2006,52,2006_Dec_w4
2180,175161532.0,2006,52,2006_Dec_w4
2057,95437440.0,2007,1,2007_Jan_w1
2055,90498028.0,2007,2,2007_Jan_w2
2056,110241732.0,2007,2,2007_Jan_w2
2054,67053906.0,2007,3,2007_Jan_w3
2053,82251314.0,2007,4,2007_Jan_w4
2052,66162832.0,2007,5,2007_Feb_w1
2051,87192120.0,2007,6,2007_Feb_w2
2050,163208842.0,2007,7,2007_Feb_w3
2049,138054963.0,2007,7,2007_Feb_w3
2048,96852706.0,2007,8,2007_Feb_w4
2047,103593442.0,2007,9,2007_Mar_w1
2046,135961063.0,2007,10,2007_Mar_w2
2045,100707696.0,2007,11,2007_Mar_w3
2044,116375315.0,2007,12,2007_Mar_w4
2043,113066760.0,2007,13,2007_Mar_w5
2042,118487192.0,2007,14,2007_Apr_w1
2041,104656515.0,2007,14,2007_Apr_w1
2040,91708525.0,2007,15,2007_Apr_w2
2039,69094827.0,2007,16,2007_Apr_w3
2038,57110548.0,2007,17,2007_Apr_w4
2037,178072412.0,2007,18,2007_May_w1
2036,93311787.0,2007,19,2007_May_w2
2035,171457637.0,2007,20,2007_May_w3
2034,244300251.0,2007,21,2007_May_w4
2033,197493249.0,2007,21,2007_May_w4
2032,127496396.0,2007,22,2007_Jun_w1
2031,129422051.0,2007,23,2007_Jun_w2
2030,137781216.0,2007,24,2007_Jun_w3
2029,121972345.0,2007,25,2007_Jun_w4
2028,141710943.0,2007,26,2007_Jun_w5
2027,160065416.0,2007,27,2007_Jul_w1
2026,168833476.0,2007,28,2007_Jul_w2
2025,144104368.0,2007,29,2007_Jul_w3
2024,169137597.0,2007,30,2007_Jul_w4
2023,157482640.0,2007,31,2007_Aug_w1
2022,134842684.0,2007,32,2007_Aug_w2
2021,108565896.0,2007,33,2007_Aug_w3
2020,84691057.0,2007,34,2007_Aug_w4
2019,113621805.0,2007,35,2007_Aug_w5
2018,91762724.0,2007,35,2007_Aug_w5
2017,61765508.0,2007,36,2007_Sep_w1
2016,60351939.0,2007,37,2007_Sep_w2
2015,75128042.0,2007,38,2007_Sep_w3
2014,72818734.0,2007,39,2007_Sep_w4
2013,71979952.0,2007,40,2007_Oct_w1
2012,63082114.0,2007,40,2007_Oct_w1
2011,80316757.0,2007,41,2007_Oct_w2
2010,68917610.0,2007,42,2007_Oct_w3
2009,81239698.0,2007,43,2007_Oct_w4
2008,118917527.0,2007,44,2007_Oct_w5
2007,94231894.0,2007,45,2007_Nov_w1
2006,90445557.0,2007,46,2007_Nov_w2
2005,200185564.0,2007,47,2007_Nov_w3
2004,169169508.0,2007,47,2007_Nov_w3
2003,139986104.0,2007,47,2007_Nov_w3
2002,68453426.0,2007,48,2007_Nov_w4
2001,68128819.0,2007,49,2007_Dec_w1
2000,149415413.0,2007,50,2007_Dec_w2
1999,220037531.0,2007,51,2007_Dec_w3
1998,147707092.0,2007,51,2007_Dec_w3
1996,232891078.0,2007,52,2007_Dec_w4
1997,157924807.0,2007,52,2007_Dec_w4
1089,112470805.0,2008,1,2008_Jan_w1
1088,98786197.0,2008,2,2008_Jan_w2
1086,126624750.0,2008,3,2008_Jan_w3
1087,151470763.0,2008,3,2008_Jan_w3
1085,109183558.0,2008,4,2008_Jan_w4
1084,94843468.0,2008,5,2008_Feb_w1
1083,83480396.0,2008,6,2008_Feb_w2
1081,111505912.0,2008,7,2008_Feb_w3
1082,133761458.0,2008,7,2008_Feb_w3
1080,85162089.0,2008,8,2008_Feb_w4
1079,73841003.0,2008,9,2008_Mar_w1
1078,86928662.0,2008,10,2008_Mar_w2
1077,101862262.0,2008,11,2008_Mar_w3
1075,94656916.0,2008,12,2008_Mar_w4
1076,107553652.0,2008,12,2008_Mar_w4
1074,85512670.0,2008,13,2008_Mar_w5
1073,76219857.0,2008,14,2008_Apr_w1
1072,77792738.0,2008,15,2008_Apr_w2
1071,79673117.0,2008,16,2008_Apr_w3
1070,76023855.0,2008,17,2008_Apr_w4
1069,148431129.0,2008,18,2008_May_w1
1068,115983162.0,2008,19,2008_May_w2
1067,124788668.0,2008,20,2008_May_w3
1066,212296393.0,2008,21,2008_May_w4
1065,166568045.0,2008,21,2008_May_w4
1064,163144136.0,2008,22,2008_Jun_w1
1063,169909290.0,2008,23,2008_Jun_w2
1062,174921744.0,2008,24,2008_Jun_w3
1061,135822136.0,2008,25,2008_Jun_w4
1060,176907464.0,2008,26,2008_Jun_w5
1059,149925900.0,2008,27,2008_Jul_w1
1058,139919684.0,2008,28,2008_Jul_w2
1057,250971601.0,2008,29,2008_Jul_w3
1056,170701895.0,2008,30,2008_Jul_w4
1055,140934095.0,2008,31,2008_Aug_w1
1054,108322998.0,2008,32,2008_Aug_w2
1053,106423430.0,2008,33,2008_Aug_w3
1052,82667170.0,2008,34,2008_Aug_w4
1050,68515837.0,2008,35,2008_Aug_w5
1051,85925307.0,2008,35,2008_Aug_w5
1049,46350874.0,2008,36,2008_Sep_w1
1048,82159485.0,2008,37,2008_Sep_w2
1047,72805930.0,2008,38,2008_Sep_w3
1046,82148111.0,2008,39,2008_Sep_w4
1045,90629110.0,2008,40,2008_Oct_w1
1043,80803153.0,2008,41,2008_Oct_w2
1044,91420183.0,2008,41,2008_Oct_w2
1042,79992286.0,2008,42,2008_Oct_w3
1041,115860151.0,2008,43,2008_Oct_w4
1040,69307204.0,2008,44,2008_Oct_w5
1039,123379106.0,2008,45,2008_Nov_w1
1038,134787672.0,2008,46,2008_Nov_w2
1037,154817872.0,2008,47,2008_Nov_w3
1036,218303171.0,2008,48,2008_Nov_w4
1035,185072958.0,2008,48,2008_Nov_w4
1034,152333947.0,2008,48,2008_Nov_w4
1033,73440488.0,2008,49,2008_Dec_w1
1032,78517597.0,2008,50,2008_Dec_w2
1031,77424767.0,2008,51,2008_Dec_w3
1030,169982431.0,2008,52,2008_Dec_w4
1271,123210617.0,2009,1,2009_Jan_w1
1270,121541116.0,2009,2,2009_Jan_w2
1269,184673846.0,2009,3,2009_Jan_w3
1268,154456350.0,2009,3,2009_Jan_w3
1267,118605040.0,2009,4,2009_Jan_w4
1266,95933299.0,2009,5,2009_Feb_w1
1265,124041046.0,2009,6,2009_Feb_w2
1264,176130106.0,2009,7,2009_Feb_w3
1263,151899971.0,2009,7,2009_Feb_w3
1262,112141559.0,2009,8,2009_Feb_w4
1261,80508972.0,2009,9,2009_Mar_w1
1260,97720570.0,2009,10,2009_Mar_w2
1259,84204182.0,2009,11,2009_Mar_w3
1258,93174791.0,2009,12,2009_Mar_w4
1257,136575156.0,2009,13,2009_Mar_w5
1256,146086888.0,2009,14,2009_Apr_w1
1254,122113373.0,2009,15,2009_Apr_w2
1255,137209381.0,2009,15,2009_Apr_w2
1253,97370546.0,2009,16,2009_Apr_w3
1252,100327984.0,2009,17,2009_Apr_w4
1251,146572798.0,2009,18,2009_May_w1
1250,138843581.0,2009,19,2009_May_w2
1249,128079406.0,2009,20,2009_May_w3
1247,168355487.0,2009,21,2009_May_w4
1248,211868707.0,2009,21,2009_May_w4
1246,159873985.0,2009,22,2009_Jun_w1
1245,157921508.0,2009,23,2009_Jun_w2
1244,129330317.0,2009,24,2009_Jun_w3
1243,139770972.0,2009,25,2009_Jun_w4
1242,190609317.0,2009,26,2009_Jun_w5
1241,152619904.0,2009,27,2009_Jul_w1
1240,132244941.0,2009,28,2009_Jul_w2
1239,150389463.0,2009,29,2009_Jul_w3
1238,138205853.0,2009,30,2009_Jul_w4
1237,107143812.0,2009,31,2009_Aug_w1
1236,125660546.0,2009,32,2009_Aug_w2
1235,119101428.0,2009,33,2009_Aug_w3
1234,106503767.0,2009,34,2009_Aug_w4
1233,105329392.0,2009,35,2009_Aug_w5
1231,76384281.0,2009,36,2009_Sep_w1
1232,96256938.0,2009,36,2009_Sep_w1
1230,71451514.0,2009,37,2009_Sep_w2
1229,83214524.0,2009,38,2009_Sep_w3
1228,79376189.0,2009,39,2009_Sep_w4
1227,87465911.0,2009,40,2009_Oct_w1
1225,91892437.0,2009,41,2009_Oct_w2
1226,105261988.0,2009,41,2009_Oct_w2
1224,124637638.0,2009,42,2009_Oct_w3
1223,100949943.0,2009,43,2009_Oct_w4
1222,77489382.0,2009,44,2009_Oct_w5
1221,102932989.0,2009,45,2009_Nov_w1
1220,124130245.0,2009,46,2009_Nov_w2
1219,246948248.0,2009,47,2009_Nov_w3
1216,172369237.0,2009,48,2009_Nov_w4
1217,212001958.0,2009,48,2009_Nov_w4
1218,251418028.0,2009,48,2009_Nov_w4
1215,86237399.0,2009,49,2009_Dec_w1
1214,82656512.0,2009,50,2009_Dec_w2
1213,126343342.0,2009,51,2009_Dec_w3
1212,255212095.0,2009,52,2009_Dec_w4
2304,204295752.0,2010,1,2010_Jan_w1
2303,145045666.0,2010,2,2010_Jan_w2
2302,183162436.0,2010,3,2010_Jan_w3
2301,148859116.0,2010,3,2010_Jan_w3
2300,120045516.0,2010,4,2010_Jan_w4
2299,103970747.0,2010,5,2010_Feb_w1
2298,94786281.0,2010,6,2010_Feb_w2
2296,182998695.0,2010,7,2010_Feb_w3
2297,213524058.0,2010,7,2010_Feb_w3
2295,118472680.0,2010,8,2010_Feb_w4
2294,104201694.0,2010,9,2010_Mar_w1
2293,182536400.0,2010,10,2010_Mar_w2
2292,129609144.0,2010,11,2010_Mar_w3
2291,110799129.0,2010,12,2010_Mar_w4
2290,113036610.0,2010,13,2010_Mar_w5
2288,166220519.0,2010,14,2010_Apr_w1
2289,187711319.0,2010,14,2010_Apr_w1
2287,117570469.0,2010,15,2010_Apr_w2
2286,108077823.0,2010,16,2010_Apr_w3
2285,85792705.0,2010,17,2010_Apr_w4
2284,87924993.0,2010,18,2010_May_w1
2283,167701822.0,2010,19,2010_May_w2
2282,129275088.0,2010,20,2010_May_w3
2281,141404309.0,2010,21,2010_May_w4
2279,143797811.0,2010,22,2010_Jun_w1
2280,182383311.0,2010,22,2010_Jun_w1
2278,120565073.0,2010,23,2010_Jun_w2
2277,140451060.0,2010,24,2010_Jun_w3
2276,187642041.0,2010,25,2010_Jun_w4
2275,154390043.0,2010,26,2010_Jun_w5
2273,179066707.0,2010,27,2010_Jul_w1
2274,238231616.0,2010,27,2010_Jul_w1
2272,182442390.0,2010,28,2010_Jul_w2
2271,169206774.0,2010,29,2010_Jul_w3
2270,150757392.0,2010,30,2010_Jul_w4
2269,128821145.0,2010,31,2010_Aug_w1
2268,117746775.0,2010,32,2010_Aug_w2
2267,127804668.0,2010,33,2010_Aug_w3
2266,102089078.0,2010,34,2010_Aug_w4
2265,87206831.0,2010,35,2010_Aug_w5
2263,74512580.0,2010,36,2010_Sep_w1
2264,93408796.0,2010,36,2010_Sep_w1
2262,61707602.0,2010,37,2010_Sep_w2
2261,84334484.0,2010,38,2010_Sep_w3
2260,88901910.0,2010,39,2010_Sep_w4
2259,82543307.0,2010,40,2010_Oct_w1
2257,76880100.0,2010,41,2010_Oct_w2
2258,87413887.0,2010,41,2010_Oct_w2
2256,117078913.0,2010,42,2010_Oct_w3
2255,117205902.0,2010,43,2010_Oct_w4
2254,82076962.0,2010,44,2010_Oct_w5
2253,138136720.0,2010,45,2010_Nov_w1
2252,107692567.0,2010,46,2010_Nov_w2
2251,184491055.0,2010,47,2010_Nov_w3
2248,167833958.0,2010,48,2010_Nov_w4
2249,201819715.0,2010,48,2010_Nov_w4
2250,242152785.0,2010,48,2010_Nov_w4
2247,75004741.0,2010,49,2010_Dec_w1
2246,81560957.0,2010,50,2010_Dec_w2
2245,124993526.0,2010,51,2010_Dec_w3
2244,124133496.0,2010,52,2010_Dec_w4
2243,137343062.0,2010,53,2010_Dec_w5
2492,89402192.0,2011,1,2011_Jan_w1
2490,107824706.0,2011,2,2011_Jan_w2
2491,130346506.0,2011,2,2011_Jan_w2
2489,83445232.0,2011,3,2011_Jan_w3
2488,87300754.0,2011,4,2011_Jan_w4
2487,68315090.0,2011,5,2011_Feb_w1
2486,128358223.0,2011,6,2011_Feb_w2
2484,125712044.0,2011,7,2011_Feb_w3
2485,150746871.0,2011,7,2011_Feb_w3
2483,92540158.0,2011,8,2011_Feb_w4
2482,114398546.0,2011,9,2011_Mar_w1
2481,111935077.0,2011,10,2011_Mar_w2
2480,98816142.0,2011,11,2011_Mar_w3
2479,104688038.0,2011,12,2011_Mar_w4
2478,110113006.0,2011,13,2011_Mar_w5
2477,98389397.0,2011,14,2011_Apr_w1
2476,110573140.0,2011,15,2011_Apr_w2
2474,114486342.0,2011,16,2011_Apr_w3
2475,126821991.0,2011,16,2011_Apr_w3
2473,140262298.0,2011,17,2011_Apr_w4
2472,152646352.0,2011,18,2011_May_w1
2471,126805764.0,2011,19,2011_May_w2
2470,156858984.0,2011,20,2011_May_w3
2468,213334314.0,2011,21,2011_May_w4
2469,264689498.0,2011,21,2011_May_w4
2467,152390551.0,2011,22,2011_Jun_w1
2466,131188107.0,2011,23,2011_Jun_w2
2465,145208661.0,2011,24,2011_Jun_w3
2464,164865297.0,2011,25,2011_Jun_w4
2463,186283764.0,2011,26,2011_Jun_w5
2462,222359534.0,2011,26,2011_Jun_w5
2461,140474359.0,2011,27,2011_Jul_w1
2460,248568927.0,2011,28,2011_Jul_w2
2459,179068823.0,2011,29,2011_Jul_w3
2458,167881029.0,2011,30,2011_Jul_w4
2457,154610555.0,2011,31,2011_Aug_w1
2456,134605986.0,2011,32,2011_Aug_w2
2455,97303811.0,2011,33,2011_Aug_w3
2454,69507839.0,2011,34,2011_Aug_w4
2452,99407337.0,2011,35,2011_Aug_w5
2453,76554062.0,2011,35,2011_Aug_w5
2451,60588164.0,2011,36,2011_Sep_w1
2450,82870886.0,2011,37,2011_Sep_w2
2449,103498944.0,2011,38,2011_Sep_w3
2448,83299660.0,2011,39,2011_Sep_w4
2447,80038160.0,2011,40,2011_Oct_w1
2446,91007749.0,2011,40,2011_Oct_w1
2445,72749806.0,2011,41,2011_Oct_w2
2444,105208900.0,2011,42,2011_Oct_w3
2443,90229806.0,2011,43,2011_Oct_w4
2442,100619007.0,2011,44,2011_Oct_w5
2441,124195132.0,2011,45,2011_Nov_w1
2440,213090559.0,2011,46,2011_Nov_w2
2437,148515080.0,2011,47,2011_Nov_w3
2438,175056305.0,2011,47,2011_Nov_w3
2439,207648272.0,2011,47,2011_Nov_w3
2436,70515083.0,2011,48,2011_Nov_w4
2435,63846449.0,2011,49,2011_Dec_w1
2434,105970233.0,2011,50,2011_Dec_w2
2433,110230829.0,2011,51,2011_Dec_w3
2432,172035139.0,2011,51,2011_Dec_w3
2431,173320352.0,2011,52,2011_Dec_w4
2430,134488475.0,2011,52,2011_Dec_w4
2179,120467366.0,2012,1,2012_Jan_w1
2177,105673270.0,2012,2,2012_Jan_w2
2178,128967569.0,2012,2,2012_Jan_w2
2176,103050329.0,2012,3,2012_Jan_w3
2175,91306608.0,2012,4,2012_Jan_w4
2174,88088338.0,2012,5,2012_Feb_w1
2173,168289222.0,2012,6,2012_Feb_w2
2172,164876415.0,2012,7,2012_Feb_w3
2171,137926714.0,2012,7,2012_Feb_w3
2170,107371847.0,2012,8,2012_Feb_w4
2169,145788328.0,2012,9,2012_Mar_w1
2168,116009145.0,2012,10,2012_Mar_w2
2167,93582069.0,2012,11,2012_Mar_w3
2166,201664110.0,2012,12,2012_Mar_w4
2165,138772071.0,2012,13,2012_Mar_w5
2163,115439622.0,2012,14,2012_Apr_w1
2164,129893927.0,2012,14,2012_Apr_w1
2162,104850744.0,2012,15,2012_Apr_w2
2161,118940992.0,2012,16,2012_Apr_w3
2160,91171173.0,2012,17,2012_Apr_w4
2159,246662936.0,2012,18,2012_May_w1
2158,159498783.0,2012,19,2012_May_w2
2157,133932974.0,2012,20,2012_May_w3
2156,144354167.0,2012,21,2012_May_w4
2155,182669246.0,2012,21,2012_May_w4
2154,132181371.0,2012,22,2012_Jun_w1
2153,171705112.0,2012,23,2012_Jun_w2
2152,120646402.0,2012,24,2012_Jun_w3
2151,152347191.0,2012,25,2012_Jun_w4
2150,189645968.0,2012,26,2012_Jun_w5
2149,178335880.0,2012,27,2012_Jul_w1
2148,150002519.0,2012,28,2012_Jul_w2
2147,221423729.0,2012,29,2012_Jul_w3
2146,124187763.0,2012,30,2012_Jul_w4
2145,111448685.0,2012,31,2012_Aug_w1
2144,129143882.0,2012,32,2012_Aug_w2
2143,122759783.0,2012,33,2012_Aug_w3
2142,75735631.0,2012,34,2012_Aug_w4
2141,78473593.0,2012,35,2012_Aug_w5
2140,100987641.0,2012,35,2012_Aug_w5
2139,46747004.0,2012,36,2012_Sep_w1
2138,64824244.0,2012,37,2012_Sep_w2
2137,71888652.0,2012,38,2012_Sep_w3
2136,102991094.0,2012,39,2012_Sep_w4
2135,130018694.0,2012,40,2012_Oct_w1
2134,147590739.0,2012,40,2012_Oct_w1
2133,117244701.0,2012,41,2012_Oct_w2
2132,115619564.0,2012,42,2012_Oct_w3
2131,74831900.0,2012,43,2012_Oct_w4
2130,118833677.0,2012,44,2012_Oct_w5
2129,159539986.0,2012,45,2012_Nov_w1
2128,240504453.0,2012,46,2012_Nov_w2
2127,279039688.0,2012,47,2012_Nov_w3
2126,235765617.0,2012,47,2012_Nov_w3
2125,198595121.0,2012,47,2012_Nov_w3
2124,100734688.0,2012,48,2012_Nov_w4
2123,68367628.0,2012,49,2012_Dec_w1
2122,126779394.0,2012,50,2012_Dec_w2
2120,169697974.0,2012,51,2012_Dec_w3
2121,96513334.0,2012,51,2012_Dec_w3
2119,237786853.0,2012,52,2012_Dec_w4
2118,155214547.0,2012,52,2012_Dec_w4
2117,116465689.0,2013,1,2013_Jan_w1
2116,112186149.0,2013,2,2013_Jan_w2
2115,125704597.0,2013,3,2013_Jan_w3
2114,107738398.0,2013,3,2013_Jan_w3
2113,81203152.0,2013,4,2013_Jan_w4
2112,64959191.0,2013,5,2013_Feb_w1
2111,82382252.0,2013,6,2013_Feb_w2
2110,143655294.0,2013,7,2013_Feb_w3
2109,121272933.0,2013,7,2013_Feb_w3
2108,84217867.0,2013,8,2013_Feb_w4
2107,87821690.0,2013,9,2013_Mar_w1
2106,124576195.0,2013,10,2013_Mar_w2
2105,92776114.0,2013,11,2013_Mar_w3
2104,127241394.0,2013,12,2013_Mar_w4
2103,155717819.0,2013,13,2013_Mar_w5
2102,137577314.0,2013,13,2013_Mar_w5
2101,124827157.0,2013,14,2013_Apr_w1
2100,104482953.0,2013,15,2013_Apr_w2
2099,96489683.0,2013,16,2013_Apr_w3
2098,78125503.0,2013,17,2013_Apr_w4
2097,208434380.0,2013,18,2013_May_w1
2096,150642459.0,2013,19,2013_May_w2
2095,146889482.0,2013,20,2013_May_w3
2094,248032672.0,2013,21,2013_May_w4
2093,305927990.0,2013,21,2013_May_w4
2092,159570972.0,2013,22,2013_Jun_w1
2091,141384924.0,2013,23,2013_Jun_w2
2090,192954929.0,2013,24,2013_Jun_w3
2089,228593120.0,2013,25,2013_Jun_w4
2088,180411163.0,2013,26,2013_Jun_w5
2087,219263985.0,2013,27,2013_Jul_w1
2086,183777279.0,2013,28,2013_Jul_w2
2085,174305736.0,2013,29,2013_Jul_w3
2084,151703400.0,2013,30,2013_Jul_w4
2083,117938083.0,2013,31,2013_Aug_w1
2082,137650749.0,2013,32,2013_Aug_w2
2081,113572527.0,2013,33,2013_Aug_w3
2080,83842081.0,2013,34,2013_Aug_w4
2079,110020537.0,2013,35,2013_Aug_w5
2078,84942972.0,2013,35,2013_Aug_w5
2077,61672745.0,2013,36,2013_Sep_w1
2076,86531368.0,2013,37,2013_Sep_w2
2075,69831206.0,2013,38,2013_Sep_w3
2074,91565449.0,2013,39,2013_Sep_w4
2073,111457653.0,2013,40,2013_Oct_w1
2072,119207873.0,2013,41,2013_Oct_w2
2071,103432837.0,2013,41,2013_Oct_w2
2070,90753518.0,2013,42,2013_Oct_w3
2069,93288479.0,2013,43,2013_Oct_w4
2068,115987099.0,2013,44,2013_Oct_w5
2067,157930421.0,2013,45,2013_Nov_w1
2066,115112784.0,2013,46,2013_Nov_w2
2065,214593579.0,2013,47,2013_Nov_w3
2064,268488814.0,2013,48,2013_Nov_w4
2063,224232953.0,2013,48,2013_Nov_w4
2062,189483142.0,2013,48,2013_Nov_w4
2061,83941456.0,2013,49,2013_Dec_w1
2060,138369003.0,2013,50,2013_Dec_w2
2059,134837792.0,2013,51,2013_Dec_w3
2058,167837974.0,2013,52,2013_Dec_w4
1748,118936215.0,2014,1,2014_Jan_w1
1747,112448084.0,2014,2,2014_Jan_w2
1745,146864924.0,2014,3,2014_Jan_w3
1746,177312805.0,2014,3,2014_Jan_w3
1744,93470822.0,2014,4,2014_Jan_w4
1743,65887288.0,2014,5,2014_Feb_w1
1742,132710403.0,2014,6,2014_Feb_w2
1740,155759468.0,2014,7,2014_Feb_w3
1741,182141128.0,2014,7,2014_Feb_w3
1739,94308705.0,2014,8,2014_Feb_w4
1738,104089480.0,2014,9,2014_Mar_w1
1737,127539955.0,2014,10,2014_Mar_w2
1736,98624322.0,2014,11,2014_Mar_w3
1735,129583231.0,2014,12,2014_Mar_w4
1734,124746109.0,2014,13,2014_Mar_w5
1733,155800774.0,2014,14,2014_Apr_w1
1732,131084472.0,2014,15,2014_Apr_w2
1730,116260430.0,2014,16,2014_Apr_w3
1731,128566271.0,2014,16,2014_Apr_w3
1729,97473803.0,2014,17,2014_Apr_w4
1728,141515375.0,2014,18,2014_May_w1
1727,123849070.0,2014,19,2014_May_w2
1726,167395914.0,2014,20,2014_May_w3
1724,216734334.0,2014,21,2014_May_w4
1725,175346822.0,2014,21,2014_May_w4
1723,157680341.0,2014,22,2014_Jun_w1
1722,153810858.0,2014,23,2014_Jun_w2
1721,177277722.0,2014,24,2014_Jun_w3
1720,135785499.0,2014,25,2014_Jun_w4
1719,171037682.0,2014,26,2014_Jun_w5
1718,115345546.0,2014,27,2014_Jul_w1
1717,133801344.0,2014,28,2014_Jul_w2
1716,130550571.0,2014,29,2014_Jul_w3
1715,132017659.0,2014,30,2014_Jul_w4
1714,167783615.0,2014,31,2014_Aug_w1
1713,169712505.0,2014,32,2014_Aug_w2
1712,124986010.0,2014,33,2014_Aug_w3
1711,97178514.0,2014,34,2014_Aug_w4
1709,82775516.0,2014,35,2014_Aug_w5
1710,107180218.0,2014,35,2014_Aug_w5
1708,48083368.0,2014,36,2014_Sep_w1
1707,73297493.0,2014,37,2014_Sep_w2
1706,90003667.0,2014,38,2014_Sep_w3
1705,95966661.0,2014,39,2014_Sep_w4
1704,136249161.0,2014,40,2014_Oct_w1
1702,131383392.0,2014,41,2014_Oct_w2
1703,150009908.0,2014,41,2014_Oct_w2
1701,115233422.0,2014,42,2014_Oct_w3
1700,97071579.0,2014,43,2014_Oct_w4
1699,74843496.0,2014,44,2014_Oct_w5
1698,142643895.0,2014,45,2014_Nov_w1
1697,125728488.0,2014,46,2014_Nov_w2
1696,184467355.0,2014,47,2014_Nov_w3
1693,151851533.0,2014,48,2014_Nov_w4
1694,179114437.0,2014,48,2014_Nov_w4
1695,214781730.0,2014,48,2014_Nov_w4
1692,68103918.0,2014,49,2014_Dec_w1
1691,73808138.0,2014,50,2014_Dec_w2
1690,122059385.0,2014,51,2014_Dec_w3
1689,178499687.0,2014,52,2014_Dec_w4
1563,125851864.0,2015,1,2015_Jan_w1
1562,104708370.0,2015,2,2015_Jan_w2
1561,178963570.0,2015,3,2015_Jan_w3
1560,220660699.0,2015,3,2015_Jan_w3
1559,136480820.0,2015,4,2015_Jan_w4
1558,80089127.0,2015,5,2015_Feb_w1
1557,132753774.0,2015,6,2015_Feb_w2
1555,226114046.0,2015,7,2015_Feb_w3
1556,196187392.0,2015,7,2015_Feb_w3
1554,103802091.0,2015,8,2015_Feb_w4
1553,89378196.0,2015,9,2015_Mar_w1
1552,72251925.0,2015,10,2015_Mar_w2
1551,115580190.0,2015,11,2015_Mar_w3
1550,117323618.0,2015,12,2015_Mar_w4
1549,139905374.0,2015,13,2015_Mar_w5
1547,216669859.0,2015,14,2015_Apr_w1
1548,240859409.0,2015,14,2015_Apr_w1
1546,123487605.0,2015,15,2015_Apr_w2
1545,108634824.0,2015,16,2015_Apr_w3
1544,80145066.0,2015,17,2015_Apr_w4
1543,223967813.0,2015,18,2015_May_w1
1542,119640318.0,2015,19,2015_May_w2
1541,175540242.0,2015,20,2015_May_w3
1539,182887788.0,2015,21,2015_May_w4
1540,144619728.0,2015,21,2015_May_w4
1538,131136807.0,2015,22,2015_Jun_w1
1537,122790825.0,2015,23,2015_Jun_w2
1536,266035144.0,2015,24,2015_Jun_w3
1535,238740396.0,2015,25,2015_Jun_w4
1534,174073731.0,2015,26,2015_Jun_w5
1533,127004488.0,2015,27,2015_Jul_w1
1532,202943834.0,2015,28,2015_Jul_w2
1531,178494977.0,2015,29,2015_Jul_w3
1530,138254037.0,2015,30,2015_Jul_w4
1529,136167805.0,2015,31,2015_Aug_w1
1528,113252833.0,2015,32,2015_Aug_w2
1527,129704209.0,2015,33,2015_Aug_w3
1526,85356247.0,2015,34,2015_Aug_w4
1525,63160916.0,2015,35,2015_Aug_w5
1524,60032495.0,2015,36,2015_Sep_w1
1523,78105044.0,2015,36,2015_Sep_w1
1522,81621359.0,2015,37,2015_Sep_w2
1521,96138932.0,2015,38,2015_Sep_w3
1520,125667878.0,2015,39,2015_Sep_w4
1519,139834346.0,2015,40,2015_Oct_w1
1517,122246820.0,2015,41,2015_Oct_w2
1518,106804689.0,2015,41,2015_Oct_w2
1516,108805935.0,2015,42,2015_Oct_w3
1515,89803867.0,2015,43,2015_Oct_w4
1514,58434174.0,2015,44,2015_Oct_w5
1513,148792362.0,2015,45,2015_Nov_w1
1512,93635619.0,2015,46,2015_Nov_w2
1511,163255301.0,2015,47,2015_Nov_w3
1508,167805985.0,2015,48,2015_Nov_w4
1509,199324369.0,2015,48,2015_Nov_w4
1510,238078648.0,2015,48,2015_Nov_w4
1507,86761557.0,2015,49,2015_Dec_w1
1506,66695452.0,2015,50,2015_Dec_w2
1505,302697164.0,2015,51,2015_Dec_w3
1504,273024546.0,2015,52,2015_Dec_w4
1872,198537624.0,2016,1,2016_Jan_w1
1871,142912699.0,2016,2,2016_Jan_w2
1869,175297289.0,2016,3,2016_Jan_w3
1870,145502232.0,2016,3,2016_Jan_w3
1868,95736903.0,2016,4,2016_Jan_w4
1867,118353833.0,2016,5,2016_Feb_w1
1866,75395999.0,2016,6,2016_Feb_w2
1864,215810637.0,2016,7,2016_Feb_w3
1865,250977099.0,2016,7,2016_Feb_w3
1863,121119706.0,2016,8,2016_Feb_w4
1862,91278176.0,2016,9,2016_Mar_w1
1861,142568989.0,2016,10,2016_Mar_w2
1860,118186835.0,2016,11,2016_Mar_w3
1859,115774645.0,2016,12,2016_Mar_w4
1857,243491430.0,2016,13,2016_Mar_w5
1858,270066590.0,2016,13,2016_Mar_w5
1856,118559272.0,2016,14,2016_Apr_w1
1855,91145188.0,2016,15,2016_Apr_w2
1854,165029225.0,2016,16,2016_Apr_w3
1853,117626464.0,2016,17,2016_Apr_w4
1852,96937478.0,2016,18,2016_May_w1
1851,232395976.0,2016,19,2016_May_w2
1850,123025320.0,2016,20,2016_May_w3
1849,128324753.0,2016,21,2016_May_w4
1847,196994624.0,2016,22,2016_Jun_w1
1848,157294653.0,2016,22,2016_Jun_w1
1846,123684021.0,2016,23,2016_Jun_w2
1845,139567249.0,2016,24,2016_Jun_w3
1844,223184760.0,2016,25,2016_Jun_w4
1843,177111633.0,2016,26,2016_Jun_w5
1842,179579258.0,2016,27,2016_Jul_w1
1841,218013006.0,2016,27,2016_Jul_w1
1840,205989677.0,2016,28,2016_Jul_w2
1839,151409743.0,2016,29,2016_Jul_w3
1838,178420955.0,2016,30,2016_Jul_w4
1837,174855310.0,2016,31,2016_Aug_w1
1836,217747182.0,2016,32,2016_Aug_w2
1835,153823583.0,2016,33,2016_Aug_w3
1834,112417199.0,2016,34,2016_Aug_w4
1833,91226565.0,2016,35,2016_Aug_w5
1831,85743900.0,2016,36,2016_Sep_w1
1832,66887892.0,2016,36,2016_Sep_w1
1830,80346710.0,2016,37,2016_Sep_w2
1829,71090385.0,2016,38,2016_Sep_w3
1828,92840344.0,2016,39,2016_Sep_w4
1827,102190772.0,2016,40,2016_Oct_w1
1825,93110131.0,2016,41,2016_Oct_w2
1826,106770187.0,2016,41,2016_Oct_w2
1824,84988876.0,2016,42,2016_Oct_w3
1823,109125994.0,2016,43,2016_Oct_w4
1822,74204699.0,2016,44,2016_Oct_w5
1821,180664140.0,2016,45,2016_Nov_w1
1820,145898093.0,2016,46,2016_Nov_w2
1819,146558755.0,2016,47,2016_Nov_w3
1816,170608751.0,2016,48,2016_Nov_w4
1817,202563369.0,2016,48,2016_Nov_w4
1818,243739138.0,2016,48,2016_Nov_w4
1815,83749622.0,2016,49,2016_Dec_w1
1814,71566771.0,2016,50,2016_Dec_w2
1813,203485726.0,2016,51,2016_Dec_w3
1811,250611546.0,2016,52,2016_Dec_w4
1812,165020197.0,2016,52,2016_Dec_w4
1809,166381697.0,2016,53,2016_Dec_w5
1810,220396876.0,2016,53,2016_Dec_w5
1935,120491633.0,2017,1,2017_Jan_w1
1934,147714852.0,2017,2,2017_Jan_w2
1933,119057524.0,2017,2,2017_Jan_w2
1932,120214041.0,2017,3,2017_Jan_w3
1931,111650133.0,2017,4,2017_Jan_w4
1930,75662315.0,2017,5,2017_Feb_w1
1929,171094497.0,2017,6,2017_Feb_w2
1927,155796460.0,2017,7,2017_Feb_w3
1928,128860229.0,2017,7,2017_Feb_w3
1926,103860378.0,2017,8,2017_Feb_w4
1925,168014995.0,2017,9,2017_Mar_w1
1924,149362845.0,2017,10,2017_Mar_w2
1923,252225276.0,2017,11,2017_Mar_w3
1922,192647503.0,2017,12,2017_Mar_w4
1921,161650523.0,2017,13,2017_Mar_w5
1920,106287914.0,2017,14,2017_Apr_w1
1919,155863273.0,2017,15,2017_Apr_w2
1918,173236946.0,2017,15,2017_Apr_w2
1917,90926040.0,2017,16,2017_Apr_w3
1916,80793191.0,2017,17,2017_Apr_w4
1915,184356127.0,2017,18,2017_May_w1
1914,124517741.0,2017,19,2017_May_w2
1913,115331687.0,2017,20,2017_May_w3
1911,169805597.0,2017,21,2017_May_w4
1912,133992099.0,2017,21,2017_May_w4
1910,179022383.0,2017,22,2017_Jun_w1
1909,137307539.0,2017,23,2017_Jun_w2
1908,178932468.0,2017,24,2017_Jun_w3
1907,130023273.0,2017,25,2017_Jun_w4
1906,157207541.0,2017,26,2017_Jun_w5
1905,221241108.0,2017,26,2017_Jun_w5
1904,198323345.0,2017,27,2017_Jul_w1
1903,156068438.0,2017,28,2017_Jul_w2
1902,172931486.0,2017,29,2017_Jul_w3
1901,134073732.0,2017,30,2017_Jul_w4
1900,105440174.0,2017,31,2017_Aug_w1
1899,95249031.0,2017,32,2017_Aug_w2
1898,75677045.0,2017,33,2017_Aug_w3
1897,46116140.0,2017,34,2017_Aug_w4
1895,61708167.0,2017,35,2017_Aug_w5
1896,48865218.0,2017,35,2017_Aug_w5
1894,153028668.0,2017,36,2017_Sep_w1
1893,101574131.0,2017,37,2017_Sep_w2
1892,108472634.0,2017,38,2017_Sep_w3
1891,80260428.0,2017,39,2017_Sep_w4
1890,112153933.0,2017,40,2017_Oct_w1
1889,97001069.0,2017,40,2017_Oct_w1
1888,88765700.0,2017,41,2017_Oct_w2
1887,76408192.0,2017,42,2017_Oct_w3
1886,57899380.0,2017,43,2017_Oct_w4
1885,164643982.0,2017,44,2017_Oct_w5
1884,137873693.0,2017,45,2017_Nov_w1
1883,192816366.0,2017,46,2017_Nov_w2
1880,178495539.0,2017,47,2017_Nov_w3
1881,212423997.0,2017,47,2017_Nov_w3
1882,255508291.0,2017,47,2017_Nov_w3
1879,96708952.0,2017,48,2017_Nov_w4
1878,70644026.0,2017,49,2017_Dec_w1
1877,267186366.0,2017,50,2017_Dec_w2
1875,236559567.0,2017,51,2017_Dec_w3
1876,164303262.0,2017,51,2017_Dec_w3
1873,173344651.0,2017,52,2017_Dec_w4
1874,226045913.0,2017,52,2017_Dec_w4
1503,144171701.0,2018,1,2018_Jan_w1
1502,158634790.0,2018,2,2018_Jan_w2
1501,129325213.0,2018,2,2018_Jan_w2
1500,104176178.0,2018,3,2018_Jan_w3
1499,102483376.0,2018,4,2018_Jan_w4
1498,65718354.0,2018,5,2018_Feb_w1
1497,113834248.0,2018,6,2018_Feb_w2
1496,267360455.0,2018,7,2018_Feb_w3
1495,323004490.0,2018,7,2018_Feb_w3
1494,177068935.0,2018,8,2018_Feb_w4
1493,134280505.0,2018,9,2018_Mar_w1
1492,123134923.0,2018,10,2018_Mar_w2
1491,118810762.0,2018,11,2018_Mar_w3
1490,108669222.0,2018,12,2018_Mar_w4
1488,115250516.0,2018,13,2018_Mar_w5
1489,130872272.0,2018,13,2018_Mar_w5
1487,140865614.0,2018,14,2018_Apr_w1
1486,131792250.0,2018,15,2018_Apr_w2
1485,106600851.0,2018,16,2018_Apr_w3
1484,303012371.0,2018,17,2018_Apr_w4
1483,158985116.0,2018,18,2018_May_w1
1482,126696435.0,2018,19,2018_May_w2
1481,200438167.0,2018,20,2018_May_w3
1480,175038242.0,2018,21,2018_May_w4
1479,218126709.0,2018,21,2018_May_w4
1478,97051566.0,2018,22,2018_Jun_w1
1477,109660193.0,2018,23,2018_Jun_w2
1476,258481930.0,2018,24,2018_Jun_w3
1475,269388336.0,2018,25,2018_Jun_w4
1474,167201140.0,2018,26,2018_Jun_w5
1473,176800250.0,2018,27,2018_Jul_w1
1472,154037869.0,2018,28,2018_Jul_w2
1471,157376958.0,2018,29,2018_Jul_w3
1470,143331278.0,2018,30,2018_Jul_w4
1469,119739621.0,2018,31,2018_Aug_w1
1468,126978553.0,2018,32,2018_Aug_w2
1467,110718157.0,2018,33,2018_Aug_w3
1466,84558009.0,2018,34,2018_Aug_w4
1465,73798836.0,2018,35,2018_Aug_w5
1464,96296736.0,2018,35,2018_Aug_w5
1463,106333196.0,2018,36,2018_Sep_w1
1462,94001600.0,2018,37,2018_Sep_w2
1461,78315568.0,2018,38,2018_Sep_w3
1460,92141186.0,2018,39,2018_Sep_w4
1459,193103101.0,2018,40,2018_Oct_w1
1458,168979851.0,2018,40,2018_Oct_w1
1457,126136778.0,2018,41,2018_Oct_w2
1456,155990869.0,2018,42,2018_Oct_w3
1455,90992092.0,2018,43,2018_Oct_w4
1454,129384786.0,2018,44,2018_Oct_w5
1453,152580543.0,2018,45,2018_Nov_w1
1452,161437498.0,2018,46,2018_Nov_w2
1451,298630062.0,2018,47,2018_Nov_w3
1450,243903928.0,2018,47,2018_Nov_w3
1449,203836618.0,2018,47,2018_Nov_w3
1448,106190738.0,2018,48,2018_Nov_w4
1447,73877715.0,2018,49,2018_Dec_w1
1446,101640559.0,2018,50,2018_Dec_w2
1445,163297800.0,2018,51,2018_Dec_w3
1444,260363074.0,2018,51,2018_Dec_w3
1442,165718403.0,2018,52,2018_Dec_w4
1443,254547234.0,2018,52,2018_Dec_w4
1441,119007739.0,2019,1,2019_Jan_w1
1440,96775974.0,2019,2,2019_Jan_w2
1439,109523159.0,2019,3,2019_Jan_w3
1438,134433589.0,2019,3,2019_Jan_w3
1437,73819238.0,2019,4,2019_Jan_w4
1436,52087190.0,2019,5,2019_Feb_w1
1435,95027517.0,2019,6,2019_Feb_w2
1434,105197571.0,2019,7,2019_Feb_w3
1433,126415385.0,2019,7,2019_Feb_w3
1432,110669509.0,2019,8,2019_Feb_w4
1431,94364496.0,2019,9,2019_Mar_w1
1430,198063125.0,2019,10,2019_Mar_w2
1429,126418468.0,2019,11,2019_Mar_w3
1428,139284316.0,2019,12,2019_Mar_w4
1427,129484146.0,2019,13,2019_Mar_w5
1426,137908217.0,2019,14,2019_Apr_w1
1425,100437182.0,2019,15,2019_Apr_w2
1423,95279443.0,2019,16,2019_Apr_w3
1424,106099675.0,2019,16,2019_Apr_w3
1422,396469872.0,2019,17,2019_Apr_w4
1421,193910218.0,2019,18,2019_May_w1
1420,160271263.0,2019,19,2019_May_w2
1419,139901024.0,2019,20,2019_May_w3
1417,220383863.0,2019,21,2019_May_w4
1418,173109025.0,2019,21,2019_May_w4
1416,167597113.0,2019,22,2019_Jun_w1
1415,158327825.0,2019,23,2019_Jun_w2
1414,123601448.0,2019,24,2019_Jun_w3
1413,189899923.0,2019,25,2019_Jun_w4
1412,138825078.0,2019,26,2019_Jun_w5
1411,174209668.0,2019,27,2019_Jul_w1
1410,114124922.0,2019,28,2019_Jul_w2
1409,253574574.0,2019,29,2019_Jul_w3
1408,155622904.0,2019,30,2019_Jul_w4
1407,143893312.0,2019,31,2019_Aug_w1
1406,121235199.0,2019,32,2019_Aug_w2
1405,101857634.0,2019,33,2019_Aug_w3
1404,87899112.0,2019,34,2019_Aug_w4
1402,63928598.0,2019,35,2019_Aug_w5
1403,84263777.0,2019,35,2019_Aug_w5
1401,123496912.0,2019,36,2019_Sep_w1
1400,97031904.0,2019,37,2019_Sep_w2
1399,113373910.0,2019,38,2019_Sep_w3
1398,83354126.0,2019,39,2019_Sep_w4
1397,142713298.0,2019,40,2019_Oct_w1
1395,132906213.0,2019,41,2019_Oct_w2
1396,152832766.0,2019,41,2019_Oct_w2
1394,129825817.0,2019,42,2019_Oct_w3
1393,91497737.0,2019,43,2019_Oct_w4
1392,99329393.0,2019,44,2019_Oct_w5
1391,100490654.0,2019,45,2019_Nov_w1
1390,89599064.0,2019,46,2019_Nov_w2
1389,190145821.0,2019,47,2019_Nov_w3
1388,243818963.0,2019,48,2019_Nov_w4
1387,200267197.0,2019,48,2019_Nov_w4
1386,167269352.0,2019,48,2019_Nov_w4
1385,79725257.0,2019,49,2019_Dec_w1
1384,110431501.0,2019,50,2019_Dec_w2
1383,243217105.0,2019,51,2019_Dec_w3
1382,186795018.0,2019,52,2019_Dec_w4
1149,131220088.0,2020,1,2020_Jan_w1
1148,117434941.0,2020,2,2020_Jan_w2
1146,148594253.0,2020,3,2020_Jan_w3
1147,182673454.0,2020,3,2020_Jan_w3
1145,105175642.0,2020,4,2020_Jan_w4
1144,64549859.0,2020,5,2020_Feb_w1
1143,81131843.0,2020,6,2020_Feb_w2
1141,140013866.0,2020,7,2020_Feb_w3
1142,163923226.0,2020,7,2020_Feb_w3
1140,86611757.0,2020,8,2020_Feb_w4
1139,83485776.0,2020,9,2020_Mar_w1
1138,90403859.0,2020,10,2020_Mar_w2
1137,49580363.0,2020,11,2020_Mar_w3
1136,4160.0,2020,12,2020_Mar_w4
1135,3758.0,2020,13,2020_Mar_w5
1134,4097.0,2020,14,2020_Apr_w1
1132,14612.0,2020,15,2020_Apr_w2
1133,3675.0,2020,15,2020_Apr_w2
1131,5245.0,2020,16,2020_Apr_w3
1130,12062.0,2020,17,2020_Apr_w4
1129,92387.0,2020,18,2020_May_w1
1128,86428.0,2020,19,2020_May_w2
1127,130583.0,2020,20,2020_May_w3
1126,220573.0,2020,21,2020_May_w4
1125,240390.0,2020,21,2020_May_w4
1124,204881.0,2020,22,2020_Jun_w1
1123,421572.0,2020,23,2020_Jun_w2
1122,522105.0,2020,24,2020_Jun_w3
1121,1496203.0,2020,25,2020_Jun_w4
1120,290744.0,2020,26,2020_Jun_w5
1119,877966.0,2020,27,2020_Jul_w1
1118,2532674.0,2020,28,2020_Jul_w2
1117,2115079.0,2020,29,2020_Jul_w3
1116,675043.0,2020,30,2020_Jul_w4
1115,1012992.0,2020,31,2020_Aug_w1
1114,1186003.0,2020,32,2020_Aug_w2
1113,1958968.0,2020,33,2020_Aug_w3
1112,6409085.0,2020,34,2020_Aug_w4
1111,14201687.0,2020,35,2020_Aug_w5
1109,19765372.0,2020,36,2020_Sep_w1
1110,16098628.0,2020,36,2020_Sep_w1
1108,12372594.0,2020,37,2020_Sep_w2
1107,10757062.0,2020,38,2020_Sep_w3
1106,8534687.0,2020,39,2020_Sep_w4
1105,8095048.0,2020,40,2020_Oct_w1
1103,10436872.0,2020,41,2020_Oct_w2
1104,9528676.0,2020,41,2020_Oct_w2
1102,12070817.0,2020,42,2020_Oct_w3
1101,9478057.0,2020,43,2020_Oct_w4
1100,8721044.0,2020,44,2020_Oct_w5
1099,10713492.0,2020,45,2020_Nov_w1
1098,10333176.0,2020,46,2020_Nov_w2
1097,5383632.0,2020,47,2020_Nov_w3
1096,19086132.0,2020,48,2020_Nov_w4
1095,16639253.0,2020,48,2020_Nov_w4
1094,13230347.0,2020,48,2020_Nov_w4
1093,7435065.0,2020,49,2020_Dec_w1
1092,5596422.0,2020,50,2020_Dec_w2
1091,6729235.0,2020,51,2020_Dec_w3
1090,23780363.0,2020,52,2020_Dec_w4
1211,12584769.0,2021,1,2021_Jan_w1
1210,8867268.0,2021,2,2021_Jan_w2
1208,12497047.0,2021,3,2021_Jan_w3
1209,10578393.0,2021,3,2021_Jan_w3
1207,8331573.0,2021,4,2021_Jan_w4
1206,11080199.0,2021,5,2021_Feb_w1
1205,7293328.0,2021,6,2021_Feb_w2
1203,10659782.0,2021,7,2021_Feb_w3
1204,12006490.0,2021,7,2021_Feb_w3
1202,7315322.0,2021,8,2021_Feb_w4
1201,19718662.0,2021,9,2021_Mar_w1
1200,22852467.0,2021,10,2021_Mar_w2
1199,15568060.0,2021,11,2021_Mar_w3
1198,15460315.0,2021,12,2021_Mar_w4
1197,17375273.0,2021,13,2021_Mar_w5
1195,46642922.0,2021,14,2021_Apr_w1
1196,42925292.0,2021,14,2021_Apr_w1
1194,25237445.0,2021,15,2021_Apr_w2
1193,18019423.0,2021,16,2021_Apr_w3
1192,55672089.0,2021,17,2021_Apr_w4
1191,22632435.0,2021,18,2021_May_w1
1190,21458636.0,2021,19,2021_May_w2
1189,23977615.0,2021,20,2021_May_w3
1188,17211825.0,2021,21,2021_May_w4
1186,79110516.0,2021,22,2021_Jun_w1
1187,96144349.0,2021,22,2021_Jun_w1
1185,65153180.0,2021,23,2021_Jun_w2
1184,55654996.0,2021,24,2021_Jun_w3
1183,44120211.0,2021,25,2021_Jun_w4
1182,97117531.0,2021,26,2021_Jun_w5
1180,84462080.0,2021,27,2021_Jul_w1
1181,66885523.0,2021,27,2021_Jul_w1
1179,117534978.0,2021,28,2021_Jul_w2
1178,88585434.0,2021,29,2021_Jul_w3
1177,67081731.0,2021,30,2021_Jul_w4
1176,74999440.0,2021,31,2021_Aug_w1
1175,62114018.0,2021,32,2021_Aug_w2
1174,72234401.0,2021,33,2021_Aug_w3
1173,59076598.0,2021,34,2021_Aug_w4
1172,57594823.0,2021,35,2021_Aug_w5
1170,136008971.0,2021,36,2021_Sep_w1
1171,108338758.0,2021,36,2021_Sep_w1
1169,58513420.0,2021,37,2021_Sep_w2
1168,44862382.0,2021,38,2021_Sep_w3
1167,35828704.0,2021,39,2021_Sep_w4
1166,126019090.0,2021,40,2021_Oct_w1
1164,121111244.0,2021,41,2021_Oct_w2
1165,107172846.0,2021,41,2021_Oct_w2
1163,107208512.0,2021,42,2021_Oct_w3
1162,94686103.0,2021,43,2021_Oct_w4
1161,61792453.0,2021,44,2021_Oct_w5
1160,103960166.0,2021,45,2021_Nov_w1
1159,65852727.0,2021,46,2021_Nov_w2
1158,80359448.0,2021,47,2021_Nov_w3
1155,92724526.0,2021,48,2021_Nov_w4
1156,112542037.0,2021,48,2021_Nov_w4
1157,137256716.0,2021,48,2021_Nov_w4
1154,47539355.0,2021,49,2021_Dec_w1
1153,40765448.0,2021,50,2021_Dec_w2
1152,281737588.0,2021,51,2021_Dec_w3
1151,139868872.0,2021,52,2021_Dec_w4
1150,95723075.0,2021,53,2021_Dec_w5
1381,60318053.0,2022,1,2022_Jan_w1
1379,68339319.0,2022,2,2022_Jan_w2
1380,81219405.0,2022,2,2022_Jan_w2
1378,42161017.0,2022,3,2022_Jan_w3
1377,30794469.0,2022,4,2022_Jan_w4
1376,55860817.0,2022,5,2022_Feb_w1
1375,50371632.0,2022,6,2022_Feb_w2
1373,106169516.0,2022,7,2022_Feb_w3
1374,90159064.0,2022,7,2022_Feb_w3
1372,55006939.0,2022,8,2022_Feb_w4
1371,163405808.0,2022,9,2022_Mar_w1
1370,99316599.0,2022,10,2022_Mar_w2
1369,80060996.0,2022,11,2022_Mar_w3
1368,78479529.0,2022,12,2022_Mar_w4
1367,80235023.0,2022,13,2022_Mar_w5
1366,117176203.0,2022,14,2022_Apr_w1
1365,118286160.0,2022,15,2022_Apr_w2
1364,105898267.0,2022,15,2022_Apr_w2
1363,90218714.0,2022,16,2022_Apr_w3
1362,62512297.0,2022,17,2022_Apr_w4
1361,220282059.0,2022,18,2022_May_w1
1360,89049541.0,2022,19,2022_May_w2
1359,71518782.0,2022,20,2022_May_w3
1358,174602102.0,2022,21,2022_May_w4
1357,220038783.0,2022,21,2022_May_w4
1356,118392908.0,2022,22,2022_Jun_w1
1355,212413470.0,2022,23,2022_Jun_w2
1354,163242107.0,2022,24,2022_Jun_w3
1353,133333162.0,2022,25,2022_Jun_w4
1352,188498988.0,2022,26,2022_Jun_w5
1351,221928586.0,2022,26,2022_Jun_w5
1350,237265821.0,2022,27,2022_Jul_w1
1349,131231157.0,2022,28,2022_Jul_w2
1348,124080435.0,2022,29,2022_Jul_w3
1347,93856999.0,2022,30,2022_Jul_w4
1346,88004513.0,2022,31,2022_Aug_w1
1345,55432709.0,2022,32,2022_Aug_w2
1344,69281199.0,2022,33,2022_Aug_w3
1343,41408038.0,2022,34,2022_Aug_w4
1341,54205807.0,2022,35,2022_Aug_w5
1342,42395247.0,2022,35,2022_Aug_w5
1340,33945638.0,2022,36,2022_Sep_w1
1339,43050766.0,2022,37,2022_Sep_w2
1338,55769690.0,2022,38,2022_Sep_w3
1337,56765793.0,2022,39,2022_Sep_w4
1335,53759907.0,2022,40,2022_Oct_w1
1336,61664865.0,2022,40,2022_Oct_w1
1334,72697268.0,2022,41,2022_Oct_w2
1333,110164317.0,2022,42,2022_Oct_w3
1332,63565774.0,2022,43,2022_Oct_w4
1331,53888688.0,2022,44,2022_Oct_w5
1330,206857668.0,2022,45,2022_Nov_w1
1329,98996721.0,2022,46,2022_Nov_w2
1326,89735916.0,2022,47,2022_Nov_w3
1327,106837323.0,2022,47,2022_Nov_w3
1328,128658959.0,2022,47,2022_Nov_w3
1325,49166499.0,2022,48,2022_Nov_w4
1324,33258801.0,2022,49,2022_Dec_w1
1323,151354815.0,2022,50,2022_Dec_w2
1322,93952740.0,2022,51,2022_Dec_w3
1321,141716017.0,2022,51,2022_Dec_w3
1319,102074088.0,2022,52,2022_Dec_w4
1320,134622744.0,2022,52,2022_Dec_w4
1318,104267030.0,2023,1,2023_Jan_w1
1316,98902358.0,2023,2,2023_Jan_w2
1317,119958973.0,2023,2,2023_Jan_w2
1315,70766896.0,2023,3,2023_Jan_w3
1314,62261869.0,2023,4,2023_Jan_w4
1313,72172820.0,2023,5,2023_Feb_w1
1312,47814469.0,2023,6,2023_Feb_w2
1310,138728599.0,2023,7,2023_Feb_w3
1311,159948829.0,2023,7,2023_Feb_w3
1309,88586462.0,2023,8,2023_Feb_w4
1308,112469994.0,2023,9,2023_Mar_w1
1307,113369708.0,2023,10,2023_Mar_w2
1306,87087315.0,2023,11,2023_Mar_w3
1305,112191657.0,2023,12,2023_Mar_w4
1304,91814122.0,2023,13,2023_Mar_w5
1302,200889479.0,2023,14,2023_Apr_w1
1303,227308761.0,2023,14,2023_Apr_w1
1301,142633921.0,2023,15,2023_Apr_w2
1300,118529087.0,2023,16,2023_Apr_w3
1299,88589524.0,2023,17,2023_Apr_w4
1298,156015546.0,2023,18,2023_May_w1
1297,95148648.0,2023,19,2023_May_w2
1296,118739905.0,2023,20,2023_May_w3
1295,200810396.0,2023,21,2023_May_w4
1294,160808155.0,2023,21,2023_May_w4
1293,203338486.0,2023,22,2023_Jun_w1
1292,163527157.0,2023,23,2023_Jun_w2
1291,161297087.0,2023,24,2023_Jun_w3
1290,106020773.0,2023,25,2023_Jun_w4
1288,122142874.0,2023,26,2023_Jun_w5
1289,184963868.0,2023,26,2023_Jun_w5
1287,121030650.0,2023,27,2023_Jul_w1
1286,134207030.0,2023,28,2023_Jul_w2
1285,307805201.0,2023,29,2023_Jul_w3
1284,209751460.0,2023,30,2023_Jul_w4
1283,172767141.0,2023,31,2023_Aug_w1
1282,108489585.0,2023,32,2023_Aug_w2
1281,91834103.0,2023,33,2023_Aug_w3
1280,78022576.0,2023,34,2023_Aug_w4
1279,101367979.0,2023,35,2023_Aug_w5
1278,79244392.0,2023,35,2023_Aug_w5
1277,81687685.0,2023,36,2023_Sep_w1
1276,56042286.0,2023,37,2023_Sep_w2
1275,42349485.0,2023,38,2023_Sep_w3
