,weekend,top10_gross,tomatometer_rating
0,1977_Aug_w1,7195573,62.0
1,1977_Aug_w2,6705755,81.0
2,1977_Aug_w3,5908751,100.0
3,1977_Aug_w4,5239535,62.0
4,1977_Aug_w5,7737847,62.0
5,1977_Dec_w1,1152953,81.0
6,1977_Dec_w2,10102221,90.0
7,1977_Dec_w3,5564559,82.0
8,1977_Dec_w3,73938997,82.0
9,1977_Dec_w4,73938997,84.0
10,1977_Feb_w4,73938997,85.0
11,1977_Jul_w1,6197462,63.0
12,1977_Jul_w2,6806951,62.0
13,1977_Jul_w3,7000644,13.0
14,1977_Jul_w4,6234376,65.0
15,1977_Jun_w1,73938997,62.0
16,1977_Jun_w2,73938997,80.0
17,1977_Jun_w3,16358821,56.0
18,1977_Jun_w4,4885463,77.0
19,1977_Jun_w5,7452980,20.5
20,1977_Jun_w5,73938997,20.5
21,1977_Mar_w1,73938997,62.0
22,1977_Mar_w2,73938997,72.5
23,1977_Mar_w3,73938997,62.0
24,1977_May_w3,73938997,100.0
25,1977_May_w4,1554475,92.0
26,1977_Nov_w1,2269052,44.0
27,1977_Nov_w2,1949157,62.0
28,1977_Nov_w3,2472656,91.5
29,1977_Nov_w4,1595568,62.0
30,1977_Oct_w1,2040920,72.0
31,1977_Oct_w1,73938997,72.0
32,1977_Oct_w2,73938997,62.0
33,1977_Oct_w3,4431635,44.0
34,1977_Oct_w4,3292879,62.0
35,1977_Oct_w5,2626914,62.0
36,1977_Sep_w2,73938997,62.0
37,1977_Sep_w3,73938997,29.0
38,1978_Apr_w1,790452,71.0
39,1978_Apr_w2,602039,62.0
40,1978_Apr_w3,73938997,62.0
41,1978_Dec_w1,73938997,62.0
42,1978_Dec_w2,7465343,93.0
43,1978_Dec_w3,1652926,64.66666666666667
44,1978_Dec_w3,16808078,64.66666666666667
45,1978_Dec_w4,10363384,76.0
46,1978_Dec_w4,73938997,76.0
47,1978_Feb_w1,817290,62.0
48,1978_Feb_w3,73938997,62.0
49,1978_Jan_w1,2671060,54.8235294117647
50,1978_Jul_w1,73938997,62.0
51,1978_Jul_w3,10166336,78.0
52,1978_Jul_w4,276538,62.0
53,1978_Jun_w2,3880880,55.5
54,1978_Jun_w3,18807740,58.0
55,1978_Jun_w4,73938997,65.5
56,1978_Jun_w5,3652486,62.0
57,1978_Jun_w5,73938997,62.0
58,1978_Mar_w2,622291,52.5
59,1978_Mar_w5,543897,62.0
60,1978_Nov_w2,626649,40.0
61,1978_Oct_w1,73938997,74.0
62,1978_Oct_w5,73938997,62.0
63,1978_Sep_w2,73938997,92.0
64,1979_Apr_w1,1972684,62.0
65,1979_Apr_w3,73938997,62.0
66,1979_Apr_w4,485734,71.0
67,1979_Aug_w1,1533612,78.71428571428571
68,1979_Aug_w2,1301922,62.0
69,1979_Aug_w3,1304996,85.0
70,1979_Aug_w4,7717449,62.0
71,1979_Aug_w5,1049075,87.0
72,1979_Dec_w1,11926421,41.0
73,1979_Dec_w2,15852407,57.5
74,1979_Dec_w3,13456623,70.0
75,1979_Dec_w3,73938997,70.0
76,1979_Dec_w4,1781164,62.0
77,1979_Dec_w4,73938997,62.0
78,1979_Feb_w1,391942,73.0
79,1979_Feb_w2,3529675,67.0
80,1979_Feb_w3,73938997,62.0
81,1979_Feb_w4,73938997,62.0
82,1979_Jan_w3,73938997,75.66666666666667
83,1979_Jul_w1,3391197,45.333333333333336
84,1979_Jul_w2,2955036,72.5
85,1979_Jul_w3,5675034,59.0
86,1979_Jul_w4,9660094,62.0
87,1979_Jun_w1,2192024,91.0
88,1979_Jun_w2,2669177,62.0
89,1979_Jun_w3,10153660,47.5
90,1979_Jun_w4,11641673,74.66666666666667
91,1979_Jun_w5,11745651,71.5
92,1979_Mar_w1,262778,81.0
93,1979_Mar_w2,70461,71.0
94,1979_Mar_w3,21040,60.5
95,1979_Mar_w5,18709,91.5
96,1979_May_w1,376896,56.5
97,1979_May_w3,73938997,0.0
98,1979_May_w4,5953196,90.5
99,1979_May_w4,73938997,90.5
100,1979_Nov_w1,2520005,100.0
101,1979_Nov_w2,73938997,62.0
102,1979_Oct_w1,3812974,82.66666666666667
103,1979_Oct_w1,73938997,82.66666666666667
104,1979_Oct_w3,2250000,65.0
105,1979_Oct_w4,83527,91.0
106,1979_Oct_w5,12922,62.0
107,1979_Sep_w1,649505,62.0
108,1979_Sep_w2,485711,62.0
109,1979_Sep_w3,742634,57.0
110,1979_Sep_w4,393452,41.0
111,1980_Apr_w1,73938997,62.0
112,1980_Apr_w3,805511,62.0
113,1980_Apr_w4,1750593,17.0
114,1980_Aug_w1,5758789,41.666666666666664
115,1980_Aug_w2,8477856,43.5
116,1980_Aug_w3,15268817,31.0
117,1980_Aug_w4,73938997,62.0
118,1980_Aug_w5,1856849,62.0
119,1980_Dec_w1,4103412,83.0
120,1980_Dec_w2,15074258,56.0
121,1980_Dec_w3,13483950,60.166666666666664
122,1980_Dec_w4,3810214,49.666666666666664
123,1980_Feb_w1,3559930,62.5
124,1980_Feb_w2,4502244,62.0
125,1980_Feb_w3,1382756,62.0
126,1980_Feb_w3,73938997,62.0
127,1980_Jan_w3,386099,62.0
128,1980_Jan_w3,73938997,62.0
129,1980_Jan_w4,1668965,62.0
130,1980_Jul_w1,8309772,76.0
131,1980_Jul_w2,7154819,75.5
132,1980_Jul_w3,14173929,59.5
133,1980_Jul_w4,10272689,73.0
134,1980_Jun_w1,73938997,39.25
135,1980_Jun_w2,4339769,34.666666666666664
136,1980_Jun_w3,15065520,65.25
137,1980_Jun_w4,18446538,71.66666666666667
138,1980_Jun_w5,9217874,62.0
139,1980_Mar_w1,221141,86.0
140,1980_Mar_w2,3366443,62.0
141,1980_Mar_w3,61109,43.0
142,1980_Mar_w4,1663282,49.2
143,1980_Mar_w5,1745228,62.0
144,1980_May_w1,73938997,82.0
145,1980_May_w2,9381387,64.0
146,1980_May_w3,2469272,84.0
147,1980_May_w4,4910483,87.0
148,1980_May_w4,8514566,87.0
149,1980_Nov_w2,446993,62.0
150,1980_Nov_w3,112663,58.0
151,1980_Nov_w4,129307,62.0
152,1980_Oct_w1,4827433,65.0
153,1980_Oct_w2,4739769,91.33333333333333
154,1980_Oct_w2,73938997,91.33333333333333
155,1980_Oct_w4,2934957,62.0
156,1980_Oct_w5,2728520,62.0
157,1980_Sep_w2,73938997,67.0
158,1980_Sep_w3,170335,63.5
159,1980_Sep_w4,4784434,68.0
160,1981_Apr_w2,7474212,76.0
161,1981_Apr_w3,73938997,48.5
162,1981_Apr_w4,682415,46.25
163,1981_Aug_w1,2297493,58.6
164,1981_Aug_w2,1582148,45.0
165,1981_Aug_w3,73938997,89.0
166,1981_Aug_w4,4790648,56.0
167,1981_Aug_w5,564593,62.0
168,1981_Dec_w1,2414242,64.5
169,1981_Dec_w2,2431152,69.5
170,1981_Dec_w3,17909299,52.8
171,1981_Dec_w4,86874,62.0
172,1981_Feb_w1,4279264,33.0
173,1981_Feb_w2,73938997,67.66666666666667
174,1981_Feb_w3,439564,62.0
175,1981_Jul_w1,10905892,91.0
176,1981_Jul_w2,73938997,70.0
177,1981_Jul_w3,6883157,88.0
178,1981_Jul_w4,3037911,55.666666666666664
179,1981_Jun_w1,73938997,13.0
180,1981_Jun_w2,73938997,81.5
181,1981_Jun_w3,13098554,87.0
182,1981_Jun_w4,33885048,70.33333333333333
183,1981_Jun_w5,37349195,62.0
184,1981_Mar_w1,73938997,62.0
185,1981_Mar_w2,1392852,72.33333333333333
186,1981_Mar_w3,5830020,66.66666666666667
187,1981_Mar_w4,5571675,94.0
188,1981_Mar_w5,546724,62.0
189,1981_May_w1,7388421,57.0
190,1981_May_w2,73938997,62.0
191,1981_May_w3,73938997,38.0
192,1981_May_w4,16993634,60.0
193,1981_Nov_w1,6507356,78.5
194,1981_Nov_w2,1214767,79.5
195,1981_Nov_w3,249018,86.5
196,1981_Oct_w1,63356,56.0
197,1981_Oct_w2,73938997,96.0
198,1981_Oct_w3,73938997,63.0
199,1981_Oct_w4,344837,50.0
200,1981_Oct_w5,7446508,30.5
201,1981_Sep_w1,73938997,62.0
202,1981_Sep_w2,73938997,62.0
203,1981_Sep_w3,3505428,67.33333333333333
204,1981_Sep_w4,68907,65.33333333333333
205,1982_Apr_w1,34509692,74.0
206,1982_Apr_w2,30339453,14.0
207,1982_Apr_w2,73938997,14.0
208,1982_Apr_w3,22087643,30.0
209,1982_Apr_w4,19746797,20.0
210,1982_Aug_w1,38194376,62.0
211,1982_Aug_w2,38004637,47.333333333333336
212,1982_Aug_w3,43102545,50.0
213,1982_Aug_w4,35420211,62.0
214,1982_Aug_w5,27770359,62.0
215,1982_Dec_w1,13402188,87.5
216,1982_Dec_w2,22180755,62.0
217,1982_Dec_w3,32533797,70.5
218,1982_Dec_w4,33048647,70.0
219,1982_Dec_w5,47967487,62.0
220,1982_Feb_w1,18316681,76.5
221,1982_Feb_w2,17581427,44.0
222,1982_Feb_w3,25425108,72.66666666666667
223,1982_Feb_w3,416243,72.66666666666667
224,1982_Feb_w4,19200980,43.0
225,1982_Jan_w1,88705,72.16666666666667
226,1982_Jan_w2,21136048,62.0
227,1982_Jan_w3,19190484,62.0
228,1982_Jan_w3,73938997,62.0
229,1982_Jan_w4,16791367,62.0
230,1982_Jul_w1,12776454,89.0
231,1982_Jul_w1,53338282,89.0
232,1982_Jul_w2,41165391,72.0
233,1982_Jul_w3,40882754,67.0
234,1982_Jul_w4,42819113,62.0
235,1982_Jun_w1,12431486,71.16666666666667
236,1982_Jun_w1,44789111,71.16666666666667
237,1982_Jun_w2,46878862,98.0
238,1982_Jun_w3,48105800,57.0
239,1982_Jun_w4,51354421,45.0
240,1982_Jun_w5,50842030,62.0
241,1982_Mar_w1,14591110,67.0
242,1982_Mar_w2,17331885,18.0
243,1982_Mar_w3,23303199,87.0
244,1982_Mar_w4,27803509,62.0
245,1982_Mar_w5,28211812,62.0
246,1982_May_w1,20094565,60.0
247,1982_May_w2,17103508,64.0
248,1982_May_w3,22369809,90.66666666666667
249,1982_May_w4,24325331,66.66666666666667
250,1982_Nov_w1,20046296,92.5
251,1982_Nov_w2,21459266,55.5
252,1982_Nov_w3,22451231,74.0
253,1982_Nov_w4,24667497,62.0
254,1982_Nov_w4,4766421,62.0
255,1982_Nov_w4,5161408,62.0
256,1982_Oct_w1,16446512,90.5
257,1982_Oct_w2,17739877,31.0
258,1982_Oct_w2,4267599,31.0
259,1982_Oct_w3,13287956,62.0
260,1982_Oct_w4,27432622,41.0
261,1982_Oct_w5,22602199,62.0
262,1982_Sep_w1,34020756,29.0
263,1982_Sep_w1,6101478,29.0
264,1982_Sep_w2,19366793,69.0
265,1982_Sep_w3,19721027,77.0
266,1982_Sep_w4,21068215,43.333333333333336
267,1983_Apr_w1,23535516,62.0
268,1983_Apr_w2,25334233,62.0
269,1983_Apr_w3,21261441,57.0
270,1983_Apr_w4,18412003,62.0
271,1983_Aug_w1,35857251,81.5
272,1983_Aug_w2,32943666,63.0
273,1983_Aug_w3,34574937,67.5
274,1983_Aug_w4,32284328,61.666666666666664
275,1983_Aug_w5,36378995,62.0
276,1983_Aug_w5,73938997,62.0
277,1983_Dec_w1,29604626,100.0
278,1983_Dec_w2,29838763,82.0
279,1983_Dec_w3,29670592,45.833333333333336
280,1983_Dec_w3,73938997,45.833333333333336
281,1983_Dec_w4,46357139,77.0
282,1983_Feb_w1,24206133,88.0
283,1983_Feb_w2,18268048,62.0
284,1983_Feb_w3,1610701,51.8
285,1983_Feb_w3,30596004,51.8
286,1983_Feb_w4,21973564,62.0
287,1983_Jan_w1,39621157,75.6923076923077
288,1983_Jan_w2,1907621,20.0
289,1983_Jan_w2,31333450,20.0
290,1983_Jan_w3,28002601,73.33333333333333
291,1983_Jan_w4,24635213,62.0
292,1983_Jul_w1,35909621,24.5
293,1983_Jul_w2,46444121,62.0
294,1983_Jul_w3,52212400,0.0
295,1983_Jul_w4,46706373,41.0
296,1983_Jun_w1,47122370,77.0
297,1983_Jun_w2,45340779,43.0
298,1983_Jun_w3,52440710,29.0
299,1983_Jun_w4,54940680,29.666666666666668
300,1983_Jun_w5,56837690,62.0
301,1983_Jun_w5,73938997,62.0
302,1983_Mar_w1,18432245,70.5
303,1983_Mar_w2,17974004,40.0
304,1983_Mar_w3,19471533,62.0
305,1983_Mar_w4,31208189,43.5
306,1983_Mar_w5,1251056,86.0
307,1983_Mar_w5,26009007,86.0
308,1983_May_w1,18788071,39.0
309,1983_May_w2,26395501,77.0
310,1983_May_w3,29421812,23.0
311,1983_May_w4,24457583,82.0
312,1983_May_w4,59305165,82.0
313,1983_Nov_w1,19652567,46.5
314,1983_Nov_w2,16406933,83.0
315,1983_Nov_w3,21572343,39.75
316,1983_Nov_w3,73938997,39.75
317,1983_Nov_w4,14071151,67.5
318,1983_Oct_w1,27234195,70.0
319,1983_Oct_w1,73938997,70.0
320,1983_Oct_w2,18893548,56.0
321,1983_Oct_w3,23559395,69.75
322,1983_Oct_w4,20680355,91.5
323,1983_Oct_w5,23478811,62.0
324,1983_Sep_w1,21211110,29.0
325,1983_Sep_w2,18492541,62.0
326,1983_Sep_w3,15423345,74.0
327,1983_Sep_w4,17997328,57.0
328,1984_Apr_w1,41294230,62.0
329,1984_Apr_w2,42836109,60.0
330,1984_Apr_w3,37141105,62.0
331,1984_Apr_w3,73938997,62.0
332,1984_Apr_w4,27221455,62.0
333,1984_Aug_w1,34878491,66.5
334,1984_Aug_w2,37984188,59.333333333333336
335,1984_Aug_w3,41775154,56.75
336,1984_Aug_w4,33468316,100.0
337,1984_Aug_w5,41990317,0.0
338,1984_Aug_w5,5004808,0.0
339,1984_Dec_w1,35617642,56.666666666666664
340,1984_Dec_w2,35465869,67.4
341,1984_Dec_w3,290196,60.0
342,1984_Dec_w3,49021775,60.0
343,1984_Dec_w4,451773,36.0
344,1984_Dec_w4,72719625,36.0
345,1984_Feb_w1,19180138,0.0
346,1984_Feb_w2,16773554,62.0
347,1984_Feb_w3,33292525,43.666666666666664
348,1984_Feb_w3,73938997,43.666666666666664
349,1984_Feb_w4,24319996,62.0
350,1984_Jan_w1,30169412,63.888888888888886
351,1984_Jan_w2,28273334,86.0
352,1984_Jan_w2,73938997,86.0
353,1984_Jan_w3,20685611,62.0
354,1984_Jan_w4,21693487,78.0
355,1984_Jul_w1,52750255,77.0
356,1984_Jul_w2,46428540,78.5
357,1984_Jul_w3,45328814,80.0
358,1984_Jul_w4,42854166,96.0
359,1984_Jun_w1,50208004,68.66666666666667
360,1984_Jun_w2,60535933,77.0
361,1984_Jun_w3,55171328,62.0
362,1984_Jun_w4,56928034,89.0
363,1984_Jun_w5,59500706,39.333333333333336
364,1984_Mar_w1,24232435,90.75
365,1984_Mar_w2,26724810,66.5
366,1984_Mar_w3,29973675,9.0
367,1984_Mar_w4,33206443,57.0
368,1984_Mar_w5,36811278,79.0
369,1984_May_w1,30820958,70.5
370,1984_May_w2,29563569,59.0
371,1984_May_w3,27159110,62.0
372,1984_May_w4,25337110,84.0
373,1984_May_w4,62680115,84.0
374,1984_Nov_w1,21996915,95.0
375,1984_Nov_w2,26050538,42.666666666666664
376,1984_Nov_w3,1132403,62.2
377,1984_Nov_w3,1235264,62.2
378,1984_Nov_w3,30715157,62.2
379,1984_Nov_w4,19313112,62.0
380,1984_Oct_w1,2029921,50.0
381,1984_Oct_w1,29850702,50.0
382,1984_Oct_w2,21696916,43.5
383,1984_Oct_w3,22806801,46.5
384,1984_Oct_w4,23518309,98.0
385,1984_Oct_w5,21415987,62.0
386,1984_Sep_w1,23747687,94.0
387,1984_Sep_w2,21466596,68.33333333333333
388,1984_Sep_w3,25311934,83.5
389,1984_Sep_w4,24455746,62.0
390,1985_Apr_w1,34293857,100.0
391,1985_Apr_w1,73938997,100.0
392,1985_Apr_w2,29436248,57.333333333333336
393,1985_Apr_w3,25556572,38.0
394,1985_Apr_w4,22462614,37.0
395,1985_Aug_w1,42410790,77.0
396,1985_Aug_w2,38210293,52.5
397,1985_Aug_w3,38192041,58.4
398,1985_Aug_w4,34155177,31.0
399,1985_Aug_w5,36335209,85.0
400,1985_Aug_w5,7149345,85.0
401,1985_Dec_w1,35555195,70.25
402,1985_Dec_w2,31339482,61.5
403,1985_Dec_w3,34245727,67.66666666666667
404,1985_Dec_w4,52846764,41.5
405,1985_Feb_w1,22390237,62.0
406,1985_Feb_w2,27809171,68.66666666666667
407,1985_Feb_w3,35222619,68.0
408,1985_Feb_w3,73938997,68.0
409,1985_Feb_w4,25830927,38.0
410,1985_Jan_w1,37687571,55.8125
411,1985_Jan_w2,29369163,17.0
412,1985_Jan_w3,20097631,62.0
413,1985_Jan_w3,73938997,62.0
414,1985_Jan_w4,23118481,67.33333333333333
415,1985_Jul_w1,49941548,64.0
416,1985_Jul_w2,46211513,78.5
417,1985_Jul_w3,45720730,46.0
418,1985_Jul_w4,47236810,60.5
419,1985_Jun_w1,39602104,45.0
420,1985_Jun_w2,41360456,70.0
421,1985_Jun_w3,41759611,55.5
422,1985_Jun_w4,41759606,93.0
423,1985_Jun_w5,45784656,62.0
424,1985_Mar_w1,27704420,56.25
425,1985_Mar_w2,25268720,88.0
426,1985_Mar_w3,23368270,62.0
427,1985_Mar_w4,42988656,43.666666666666664
428,1985_Mar_w5,41333145,19.5
429,1985_May_w1,21725357,38.5
430,1985_May_w2,17952994,28.5
431,1985_May_w3,16479296,89.0
432,1985_May_w4,30863331,36.0
433,1985_May_w4,58625867,36.0
434,1985_Nov_w1,22720726,42.333333333333336
435,1985_Nov_w2,20444128,44.5
436,1985_Nov_w3,20148880,18.0
437,1985_Nov_w4,2527914,62.333333333333336
438,1985_Nov_w4,2808714,62.333333333333336
439,1985_Nov_w4,41900136,62.333333333333336
440,1985_Oct_w1,26613895,70.66666666666667
441,1985_Oct_w2,2991032,42.0
442,1985_Oct_w2,33316489,42.0
443,1985_Oct_w3,23417097,95.0
444,1985_Oct_w4,19524030,83.0
445,1985_Oct_w5,24961347,62.0
446,1985_Sep_w1,20928090,97.0
447,1985_Sep_w2,15460965,44.0
448,1985_Sep_w3,14851692,75.66666666666667
449,1985_Sep_w4,22010983,91.0
450,1986_Apr_w1,26516162,92.0
451,1986_Apr_w2,20946701,46.666666666666664
452,1986_Apr_w3,20250126,52.666666666666664
453,1986_Apr_w4,16172431,88.0
454,1986_Aug_w1,42434743,32.0
455,1986_Aug_w2,33588159,66.4
456,1986_Aug_w3,33655438,64.5
457,1986_Aug_w4,30606033,46.75
458,1986_Aug_w5,34645277,13.0
459,1986_Aug_w5,73938997,13.0
460,1986_Dec_w1,32982745,74.5
461,1986_Dec_w2,36091320,43.0
462,1986_Dec_w3,36055025,58.5
463,1986_Dec_w4,56414610,78.5
464,1986_Feb_w1,32661751,89.5
465,1986_Feb_w2,31379924,17.666666666666668
466,1986_Feb_w3,41334728,61.0
467,1986_Feb_w3,514750,61.0
468,1986_Feb_w4,29301384,66.0
469,1986_Jan_w1,41330385,66.33333333333333
470,1986_Jan_w2,32697064,63.0
471,1986_Jan_w3,1455600,15.0
472,1986_Jan_w3,38660189,15.0
473,1986_Jan_w4,26632176,62.0
474,1986_Jul_w1,42802455,62.6
475,1986_Jul_w2,44785822,11.0
476,1986_Jul_w3,42263558,61.0
477,1986_Jul_w4,42300445,30.0
478,1986_Jun_w1,29292520,34.6
479,1986_Jun_w2,33480897,78.5
480,1986_Jun_w3,35285502,58.333333333333336
481,1986_Jun_w4,47973087,74.33333333333333
482,1986_Jun_w5,48244803,62.0
483,1986_Mar_w1,33687907,73.5
484,1986_Mar_w2,28636291,53.0
485,1986_Mar_w3,28738232,40.75
486,1986_Mar_w4,32493325,49.0
487,1986_Mar_w5,29160865,62.0
488,1986_Mar_w5,73938997,62.0
489,1986_May_w1,17798037,55.0
490,1986_May_w2,17514201,59.666666666666664
491,1986_May_w3,22424412,54.0
492,1986_May_w4,12653032,14.0
493,1986_May_w4,50558711,14.0
494,1986_Nov_w1,27777161,86.0
495,1986_Nov_w2,22085635,35.333333333333336
496,1986_Nov_w3,29837234,38.333333333333336
497,1986_Nov_w4,50650760,40.5
498,1986_Nov_w4,73938997,40.5
499,1986_Oct_w1,24895083,65.2
500,1986_Oct_w2,39763965,61.666666666666664
501,1986_Oct_w2,708396,61.666666666666664
502,1986_Oct_w3,32441088,62.0
503,1986_Oct_w4,33003996,60.666666666666664
504,1986_Oct_w5,26877577,64.0
505,1986_Sep_w1,21635984,100.0
506,1986_Sep_w2,18025769,62.0
507,1986_Sep_w3,17567338,94.0
508,1986_Sep_w4,21808317,83.0
509,1987_Apr_w1,33513382,28.5
510,1987_Apr_w2,31277812,62.0
511,1987_Apr_w3,30555443,51.75
512,1987_Apr_w3,73938997,51.75
513,1987_Apr_w4,26026209,70.0
514,1987_Aug_w1,44181235,51.8
515,1987_Aug_w2,42050697,67.0
516,1987_Aug_w3,36390689,76.0
517,1987_Aug_w4,34766871,68.33333333333333
518,1987_Aug_w5,32650971,62.0
519,1987_Dec_w1,29028889,82.0
520,1987_Dec_w2,31357856,72.33333333333333
521,1987_Dec_w3,37379824,67.33333333333333
522,1987_Dec_w4,52551174,90.0
523,1987_Feb_w1,31817823,58.0
524,1987_Feb_w2,31910449,46.0
525,1987_Feb_w3,43939030,62.0
526,1987_Feb_w3,73938997,62.0
527,1987_Feb_w4,32284628,65.0
528,1987_Jan_w1,41241661,54.61538461538461
529,1987_Jan_w2,28679665,62.0
530,1987_Jan_w3,33482934,57.333333333333336
531,1987_Jan_w3,73938997,57.333333333333336
532,1987_Jan_w4,22541912,88.0
533,1987_Jul_w1,41990551,48.5
534,1987_Jul_w2,44430321,10.5
535,1987_Jul_w3,48002196,90.0
536,1987_Jul_w4,44768192,55.0
537,1987_Jun_w1,31346072,70.0
538,1987_Jun_w2,35363819,65.33333333333333
539,1987_Jun_w3,49733753,91.33333333333333
540,1987_Jun_w4,47502640,45.5
541,1987_Jun_w5,51160463,73.0
542,1987_Mar_w1,39410997,74.25
543,1987_Mar_w2,38645315,62.0
544,1987_Mar_w3,36286923,27.0
545,1987_Mar_w4,31991816,21.0
546,1987_Mar_w5,31223530,62.0
547,1987_May_w1,22135344,65.0
548,1987_May_w2,17203758,44.666666666666664
549,1987_May_w3,21300027,59.25
550,1987_May_w4,26348555,62.0
551,1987_May_w4,56628694,62.0
552,1987_Nov_w1,32677811,33.0
553,1987_Nov_w2,31542633,40.5
554,1987_Nov_w3,35185484,45.0
555,1987_Nov_w4,47960626,83.0
556,1987_Nov_w4,6905966,83.0
557,1987_Nov_w4,7970699,83.0
558,1987_Oct_w1,29482547,66.6
559,1987_Oct_w2,34705499,74.0
560,1987_Oct_w2,451521,74.0
561,1987_Oct_w3,25581116,85.5
562,1987_Oct_w4,30639519,58.333333333333336
563,1987_Oct_w5,25988491,49.0
564,1987_Sep_w1,38661851,72.0
565,1987_Sep_w1,73938997,72.0
566,1987_Sep_w2,22243933,76.0
567,1987_Sep_w3,33023930,61.0
568,1987_Sep_w4,25867132,85.0
569,1988_Apr_w1,38025551,15.0
570,1988_Apr_w1,73938997,15.0
571,1988_Apr_w2,33766408,29.0
572,1988_Apr_w3,33635016,73.33333333333333
573,1988_Apr_w4,31166630,34.0
574,1988_Aug_w1,50052220,62.0
575,1988_Aug_w2,43223198,66.75
576,1988_Aug_w3,43120917,73.25
577,1988_Aug_w4,45104365,40.5
578,1988_Aug_w5,36449530,62.0
579,1988_Dec_w1,38014829,68.2
580,1988_Dec_w2,36510923,59.0
581,1988_Dec_w3,37673491,75.25
582,1988_Dec_w4,48828636,57.0
583,1988_Dec_w4,5359280,57.0
584,1988_Dec_w5,69670716,62.0
585,1988_Dec_w5,9467920,62.0
586,1988_Feb_w1,29033920,51.25
587,1988_Feb_w2,34167559,34.5
588,1988_Feb_w3,43856209,62.0
589,1988_Feb_w3,73938997,62.0
590,1988_Feb_w4,33183143,71.33333333333333
591,1988_Jan_w1,56209187,60.16
592,1988_Jan_w2,35478200,0.0
593,1988_Jan_w3,47863005,25.0
594,1988_Jan_w3,73938997,25.0
595,1988_Jan_w4,37119274,73.0
596,1988_Jul_w1,5610145,27.5
597,1988_Jul_w1,71036180,27.5
598,1988_Jul_w2,55644618,50.0
599,1988_Jul_w3,54981090,94.5
600,1988_Jul_w4,57131505,29.666666666666668
601,1988_Jun_w1,13034238,52.8
602,1988_Jun_w1,59525121,52.8
603,1988_Jun_w2,44210070,48.5
604,1988_Jun_w3,45724166,73.5
605,1988_Jun_w4,48216103,97.0
606,1988_Jun_w5,52006552,65.0
607,1988_Mar_w1,28534062,83.0
608,1988_Mar_w2,30181651,46.5
609,1988_Mar_w3,28933481,29.5
610,1988_Mar_w4,28720065,35.666666666666664
611,1988_Mar_w5,34763334,85.0
612,1988_May_w1,27152770,49.666666666666664
613,1988_May_w2,21144996,42.5
614,1988_May_w3,23893399,51.0
615,1988_May_w4,24145445,30.0
616,1988_Nov_w1,24344777,66.6
617,1988_Nov_w2,29628860,60.0
618,1988_Nov_w3,35286223,44.0
619,1988_Nov_w4,49421492,52.0
620,1988_Nov_w4,73938997,52.0
621,1988_Oct_w1,19489673,71.0
622,1988_Oct_w2,27967421,55.0
623,1988_Oct_w2,588869,55.0
624,1988_Oct_w3,21025911,84.66666666666667
625,1988_Oct_w4,23525035,62.0
626,1988_Oct_w5,17860771,62.0
627,1988_Sep_w1,42965505,75.25
628,1988_Sep_w1,60523,75.25
629,1988_Sep_w2,23615419,35.5
630,1988_Sep_w3,20473628,62.0
631,1988_Sep_w4,17949885,83.0
632,1989_Apr_w1,32677820,63.142857142857146
633,1989_Apr_w2,31304650,24.0
634,1989_Apr_w3,35814078,63.5
635,1989_Apr_w4,33471156,16.5
636,1989_Aug_w1,58919389,57.0
637,1989_Aug_w2,59460843,61.333333333333336
638,1989_Aug_w3,52164401,46.0
639,1989_Aug_w4,37305118,60.666666666666664
640,1989_Aug_w5,46737111,53.0
641,1989_Aug_w5,9470807,53.0
642,1989_Dec_w1,43716383,33.5
643,1989_Dec_w2,33020414,62.0
644,1989_Dec_w3,3312750,59.0
645,1989_Dec_w3,37598688,59.0
646,1989_Dec_w4,6645080,48.5
647,1989_Dec_w4,69247411,48.5
648,1989_Feb_w1,35780058,22.0
649,1989_Feb_w2,36087027,50.0
650,1989_Feb_w3,2103520,74.0
651,1989_Feb_w3,48902089,74.0
652,1989_Feb_w4,31263007,40.0
653,1989_Jan_w1,44278805,66.05555555555556
654,1989_Jan_w2,48087246,25.0
655,1989_Jan_w2,7717455,25.0
656,1989_Jan_w3,33563148,62.0
657,1989_Jan_w4,38401690,29.666666666666668
658,1989_Jul_w1,79223253,53.666666666666664
659,1989_Jul_w2,75470560,84.5
660,1989_Jul_w3,61437963,62.0
661,1989_Jul_w4,61417096,52.0
662,1989_Jun_w1,47075113,44.30769230769231
663,1989_Jun_w2,57019127,57.0
664,1989_Jun_w3,68032810,77.0
665,1989_Jun_w4,93294088,76.0
666,1989_Jun_w5,56670030,15.0
667,1989_Jun_w5,87793013,15.0
668,1989_Mar_w1,31717654,40.5
669,1989_Mar_w2,30953692,53.333333333333336
670,1989_Mar_w3,34888656,27.666666666666668
671,1989_Mar_w4,28791155,24.333333333333332
672,1989_Mar_w4,847005,24.333333333333332
673,1989_Mar_w5,25848340,62.0
674,1989_May_w1,31214401,62.0
675,1989_May_w2,29378516,46.666666666666664
676,1989_May_w3,28392270,65.0
677,1989_May_w4,29355021,54.5
678,1989_May_w4,67486083,54.5
679,1989_Nov_w1,32865537,18.333333333333332
680,1989_Nov_w2,52044039,100.0
681,1989_Nov_w3,36408317,59.0
682,1989_Nov_w3,43721878,59.0
683,1989_Nov_w3,78085795,59.0
684,1989_Nov_w4,48323085,68.0
685,1989_Oct_w1,3453850,40.0
686,1989_Oct_w1,30862955,40.0
687,1989_Oct_w2,36551171,34.5
688,1989_Oct_w3,38482825,44.333333333333336
689,1989_Oct_w4,32628277,44.666666666666664
690,1989_Oct_w5,33758051,62.0
691,1989_Sep_w1,29178292,44.0
692,1989_Sep_w2,32380301,76.75
693,1989_Sep_w3,33489412,77.5
694,1989_Sep_w4,27672339,71.5
695,1990_Apr_w1,60731608,39.4
696,1990_Apr_w2,47501879,45.5
697,1990_Apr_w2,73938997,45.5
698,1990_Apr_w3,37793313,90.5
699,1990_Apr_w4,37050096,41.666666666666664
700,1990_Aug_w1,61075993,72.0
701,1990_Aug_w2,58038480,30.5
702,1990_Aug_w3,54743500,53.0
703,1990_Aug_w4,43625858,35.333333333333336
704,1990_Aug_w5,45500658,100.0
705,1990_Aug_w5,453096,100.0
706,1990_Dec_w1,44268120,59.5
707,1990_Dec_w2,47620466,31.333333333333332
708,1990_Dec_w3,66801669,69.14285714285714
709,1990_Dec_w3,7918560,69.14285714285714
710,1990_Dec_w4,10965010,67.66666666666667
711,1990_Dec_w4,115870101,67.66666666666667
712,1990_Feb_w1,32182193,21.5
713,1990_Feb_w2,33541808,16.5
714,1990_Feb_w3,46417982,53.666666666666664
715,1990_Feb_w3,615600,53.666666666666664
716,1990_Feb_w4,28747612,40.0
717,1990_Jan_w1,50277102,70.0
718,1990_Jan_w2,3249365,53.5
719,1990_Jan_w2,44449328,53.5
720,1990_Jan_w3,36762815,86.0
721,1990_Jan_w4,32011711,83.5
722,1990_Jul_w1,64385483,48.0
723,1990_Jul_w2,67517311,78.0
724,1990_Jul_w3,60229578,68.33333333333333
725,1990_Jul_w4,63533062,43.5
726,1990_Jun_w1,56448155,55.75
727,1990_Jun_w2,57555168,42.0
728,1990_Jun_w3,67952401,71.0
729,1990_Jun_w4,68700097,39.333333333333336
730,1990_Jun_w5,62044286,6.0
731,1990_Mar_w1,38823326,89.0
732,1990_Mar_w2,42834849,63.25
733,1990_Mar_w3,39548233,50.666666666666664
734,1990_Mar_w4,40597246,63.0
735,1990_Mar_w5,63267046,26.5
736,1990_May_w1,32275399,55.0
737,1990_May_w2,25007717,62.0
738,1990_May_w3,38933573,32.0
739,1990_May_w4,19110033,45.0
740,1990_May_w4,65824630,45.0
741,1990_Nov_w1,35781976,60.0
742,1990_Nov_w2,51581133,63.5
743,1990_Nov_w3,74898353,50.0
744,1990_Nov_w3,73938997,50.0
745,1990_Nov_w4,53003273,62.0
746,1990_Oct_w1,224847,36.5
747,1990_Oct_w1,42512770,36.5
748,1990_Oct_w2,36278102,41.0
749,1990_Oct_w3,33132903,72.33333333333333
750,1990_Oct_w4,30830042,40.0
751,1990_Oct_w5,31107431,62.0
752,1990_Sep_w1,26610869,65.5
753,1990_Sep_w2,32513703,66.0
754,1990_Sep_w3,34219317,51.0
755,1990_Sep_w4,32770487,71.66666666666667
756,1991_Apr_w1,35178652,43.5
757,1991_Apr_w2,37561756,58.666666666666664
758,1991_Apr_w3,33560677,57.0
759,1991_Apr_w4,30725831,43.666666666666664
760,1991_Aug_w1,48969676,47.333333333333336
761,1991_Aug_w2,46528830,56.0
762,1991_Aug_w3,37743128,90.0
763,1991_Aug_w4,30702128,49.0
764,1991_Aug_w5,4460683,59.5
765,1991_Aug_w5,41478692,59.5
766,1991_Dec_w1,50587856,82.0
767,1991_Dec_w2,48337410,47.2
768,1991_Dec_w3,50724322,86.5
769,1991_Dec_w4,85312546,80.4
770,1991_Feb_w1,41679006,71.0
771,1991_Feb_w2,48158676,67.5
772,1991_Feb_w3,1435000,41.5
773,1991_Feb_w3,67739052,41.5
774,1991_Feb_w4,48394172,55.0
775,1991_Jan_w1,61207542,59.5
776,1991_Jan_w2,53804654,44.666666666666664
777,1991_Jan_w3,5969190,45.0
778,1991_Jan_w3,58218715,45.0
779,1991_Jan_w4,39660357,62.0
780,1991_Jul_w1,83267336,89.0
781,1991_Jul_w2,82282134,69.0
782,1991_Jul_w3,70280198,57.0
783,1991_Jul_w4,53146045,27.6
784,1991_Jun_w1,39905894,42.833333333333336
785,1991_Jun_w2,46063063,51.0
786,1991_Jun_w3,61945589,65.0
787,1991_Jun_w4,68022567,56.0
788,1991_Jun_w5,67044357,62.0
789,1991_Mar_w1,50873046,57.0
790,1991_Mar_w2,48607907,98.0
791,1991_Mar_w3,41453637,70.5
792,1991_Mar_w4,53489304,66.0
793,1991_Mar_w5,44378742,38.5
794,1991_Mar_w5,861560,38.5
795,1991_May_w1,26897017,61.75
796,1991_May_w2,24365631,47.5
797,1991_May_w3,31065177,49.5
798,1991_May_w4,12895550,56.2
799,1991_May_w4,59828164,56.2
800,1991_Nov_w1,31506127,34.666666666666664
801,1991_Nov_w2,31126454,28.0
802,1991_Nov_w3,56408176,62.0
803,1991_Nov_w4,67570801,61.6
804,1991_Nov_w4,73938997,61.6
805,1991_Oct_w1,34315228,62.0
806,1991_Oct_w2,36825960,48.0
807,1991_Oct_w2,683822,48.0
808,1991_Oct_w3,30333285,39.0
809,1991_Oct_w4,29468087,25.0
810,1991_Oct_w5,35795994,62.0
811,1991_Sep_w1,24587347,94.33333333333333
812,1991_Sep_w2,32732248,66.0
813,1991_Sep_w3,25831535,59.333333333333336
814,1991_Sep_w4,29505944,35.0
815,1992_Apr_w1,54584862,59.0
816,1992_Apr_w2,51324941,43.666666666666664
817,1992_Apr_w3,44513288,62.6
818,1992_Apr_w3,7337575,62.6
819,1992_Apr_w4,33951863,44.0
820,1992_Aug_w1,49191333,64.0
821,1992_Aug_w2,54213861,47.5
822,1992_Aug_w3,50140379,64.0
823,1992_Aug_w4,36395662,49.666666666666664
824,1992_Aug_w5,34455346,62.0
825,1992_Dec_w1,57878203,62.0
826,1992_Dec_w2,54288926,74.75
827,1992_Dec_w3,53340937,52.5
828,1992_Dec_w4,76273706,70.0
829,1992_Feb_w1,43524788,43.25
830,1992_Feb_w2,43177623,84.0
831,1992_Feb_w3,1621900,55.5
832,1992_Feb_w3,63355957,55.5
833,1992_Feb_w4,44658467,52.5
834,1992_Jan_w1,70142590,60.5
835,1992_Jan_w2,51597872,66.5
836,1992_Jan_w3,5722135,58.25
837,1992_Jan_w3,67367862,58.25
838,1992_Jan_w4,39966168,62.0
839,1992_Jul_w1,69963243,60.5
840,1992_Jul_w2,67049163,40.0
841,1992_Jul_w3,54238695,26.5
842,1992_Jul_w4,50516279,12.5
843,1992_Jun_w1,56721978,56.4
844,1992_Jun_w2,59382788,27.0
845,1992_Jun_w3,49824429,80.0
846,1992_Jun_w4,81225132,87.0
847,1992_Jun_w5,64634926,62.0
848,1992_Mar_w1,37515424,30.666666666666668
849,1992_Mar_w2,39853359,75.25
850,1992_Mar_w3,38084439,66.5
851,1992_Mar_w4,45233136,68.0
852,1992_Mar_w5,57009104,62.0
853,1992_May_w1,21593829,29.0
854,1992_May_w2,19679091,62.0
855,1992_May_w3,47190333,60.0
856,1992_May_w4,32288558,32.5
857,1992_May_w4,86077997,32.5
858,1992_Nov_w1,39566159,42.666666666666664
859,1992_Nov_w2,57950758,60.0
860,1992_Nov_w3,72256479,66.0
861,1992_Nov_w4,76527,63.5
862,1992_Nov_w4,90120,63.5
863,1992_Nov_w4,95071935,63.5
864,1992_Oct_w1,41034513,65.75
865,1992_Oct_w2,51338353,63.666666666666664
866,1992_Oct_w2,664231,63.666666666666664
867,1992_Oct_w3,41832581,64.5
868,1992_Oct_w4,36736075,29.0
869,1992_Oct_w5,28163719,42.5
870,1992_Sep_w1,38245606,0.0
871,1992_Sep_w1,5878961,0.0
872,1992_Sep_w2,29629258,74.5
873,1992_Sep_w3,32832734,56.42857142857143
874,1992_Sep_w4,39580764,63.333333333333336
875,1993_Apr_w1,37601884,44.5
876,1993_Apr_w2,45932687,62.0
877,1993_Apr_w2,5333567,62.0
878,1993_Apr_w3,40127435,41.5
879,1993_Apr_w4,36238299,58.0
880,1993_Aug_w1,68043739,72.25
881,1993_Aug_w2,66751731,61.0
882,1993_Aug_w3,64583766,81.0
883,1993_Aug_w4,54821866,39.0
884,1993_Aug_w5,44770879,62.0
885,1993_Dec_w1,39342940,81.66666666666667
886,1993_Dec_w2,45674361,55.0
887,1993_Dec_w3,50725691,75.0
888,1993_Dec_w4,48362991,82.8
889,1993_Dec_w5,71733564,94.0
890,1993_Feb_w1,37618019,57.25
891,1993_Feb_w2,49146523,71.0
892,1993_Feb_w3,18196519,73.0
893,1993_Feb_w3,62539712,73.0
894,1993_Feb_w4,46957732,63.25
895,1993_Jan_w1,74620966,58.16
896,1993_Jan_w2,48495587,21.0
897,1993_Jan_w3,13720201,54.5
898,1993_Jan_w3,65573332,54.5
899,1993_Jan_w4,44634723,61.0
900,1993_Jul_w1,117631261,21.0
901,1993_Jul_w1,52455337,21.0
902,1993_Jul_w2,91507571,96.0
903,1993_Jul_w3,77172707,40.5
904,1993_Jul_w4,78336081,35.0
905,1993_Jun_w1,18336935,43.142857142857146
906,1993_Jun_w1,77236461,43.142857142857146
907,1993_Jun_w2,51371856,90.33333333333333
908,1993_Jun_w3,76672593,30.0
909,1993_Jun_w4,77409351,27.0
910,1993_Jun_w5,79296509,62.0
911,1993_Mar_w1,44525022,51.25
912,1993_Mar_w2,39300507,52.0
913,1993_Mar_w3,34558514,59.0
914,1993_Mar_w4,45174953,22.333333333333332
915,1993_Mar_w5,36234096,62.0
916,1993_May_w1,29025001,86.0
917,1993_May_w2,32373432,50.0
918,1993_May_w3,34492029,34.0
919,1993_May_w4,45784894,61.0
920,1993_Nov_w1,39881358,42.25
921,1993_Nov_w2,45203111,28.0
922,1993_Nov_w3,49176285,84.5
923,1993_Nov_w4,2209920,66.66666666666667
924,1993_Nov_w4,2502520,66.66666666666667
925,1993_Nov_w4,67984479,66.66666666666667
926,1993_Oct_w1,49174741,58.166666666666664
927,1993_Oct_w2,53114659,62.0
928,1993_Oct_w2,58690311,62.0
929,1993_Oct_w3,49208302,35.0
930,1993_Oct_w4,44163952,95.0
931,1993_Oct_w5,36056496,18.0
932,1993_Sep_w1,52107606,59.0
933,1993_Sep_w1,6076192,59.0
934,1993_Sep_w2,31054523,92.75
935,1993_Sep_w3,32317714,17.0
936,1993_Sep_w4,42505243,64.8
937,1994_Apr_w1,36234749,21.5
938,1994_Apr_w2,30803934,47.75
939,1994_Apr_w3,25829496,36.333333333333336
940,1994_Apr_w4,26544318,22.333333333333332
941,1994_Aug_w1,93109647,63.666666666666664
942,1994_Aug_w2,79480952,37.0
943,1994_Aug_w3,63357175,20.5
944,1994_Aug_w4,53788246,13.2
945,1994_Aug_w5,1004805,24.0
946,1994_Aug_w5,62539348,24.0
947,1994_Dec_w1,40319763,61.5
948,1994_Dec_w2,48870753,58.6
949,1994_Dec_w3,69243119,49.8
950,1994_Dec_w3,9270742,49.8
951,1994_Dec_w4,12351828,57.142857142857146
952,1994_Dec_w4,86236467,57.142857142857146
953,1994_Feb_w1,53164721,37.666666666666664
954,1994_Feb_w2,48342371,20.5
955,1994_Feb_w3,67655829,41.333333333333336
956,1994_Feb_w3,9493540,41.333333333333336
957,1994_Feb_w4,42176741,25.5
958,1994_Jan_w1,54324728,53.266666666666666
959,1994_Jan_w2,3733339,0.0
960,1994_Jan_w2,65313589,0.0
961,1994_Jan_w3,52151876,9.0
962,1994_Jan_w4,42436006,63.0
963,1994_Jul_w1,85646764,41.0
964,1994_Jul_w2,92809137,57.0
965,1994_Jul_w3,93988169,78.0
966,1994_Jul_w4,96043848,17.0
967,1994_Jun_w1,56173939,48.8235294117647
968,1994_Jun_w2,61791562,66.0
969,1994_Jun_w3,64204103,67.2
970,1994_Jun_w4,93704198,44.0
971,1994_Jun_w5,100108303,26.5
972,1994_Jun_w5,4075450,26.5
973,1994_Mar_w1,35245870,38.666666666666664
974,1994_Mar_w2,34521018,75.0
975,1994_Mar_w3,40221420,64.0
976,1994_Mar_w4,46196005,36.5
977,1994_Mar_w5,39524149,18.0
978,1994_Mar_w5,4758935,18.0
979,1994_May_w1,23926538,49.0
980,1994_May_w2,38863299,69.66666666666667
981,1994_May_w3,41436948,59.666666666666664
982,1994_May_w4,42582439,33.0
983,1994_May_w4,92118182,33.0
984,1994_Nov_w1,81584809,45.8
985,1994_Nov_w2,83681438,63.0
986,1994_Nov_w3,85970081,68.5
987,1994_Nov_w3,73938997,68.5
988,1994_Nov_w4,44705283,50.714285714285715
989,1994_Oct_w1,46475330,33.4
990,1994_Oct_w1,475385,33.4
991,1994_Oct_w2,49912094,70.4
992,1994_Oct_w3,43597887,42.25
993,1994_Oct_w4,42768466,38.666666666666664
994,1994_Oct_w5,47216090,62.0
995,1994_Sep_w1,32859150,43.0
996,1994_Sep_w2,34550533,57.6
997,1994_Sep_w3,32749380,62.333333333333336
998,1994_Sep_w4,37774192,72.8
999,1995_Apr_w1,49683607,59.0
1000,1995_Apr_w2,12420473,32.5
1001,1995_Apr_w2,45753689,32.5
1002,1995_Apr_w3,42837724,72.0
1003,1995_Apr_w4,39464415,45.2
1004,1995_Aug_w1,73191081,71.33333333333333
1005,1995_Aug_w2,69656248,49.4
1006,1995_Aug_w3,70040087,68.0
1007,1995_Aug_w4,52424810,51.75
1008,1995_Aug_w5,4181094,62.0
1009,1995_Aug_w5,53817582,62.0
1010,1995_Dec_w1,47055393,38.333333333333336
1011,1995_Dec_w2,54343896,46.5
1012,1995_Dec_w3,75746340,74.2
1013,1995_Dec_w3,9858698,74.2
1014,1995_Dec_w4,114332437,54.6
1015,1995_Dec_w4,15588776,54.6
1016,1995_Feb_w1,33050746,61.25
1017,1995_Feb_w2,33144426,49.5
1018,1995_Feb_w3,400395,39.0
1019,1995_Feb_w3,57402244,39.0
1020,1995_Feb_w4,36487446,88.0
1021,1995_Jan_w1,49115738,27.333333333333332
1022,1995_Jan_w2,5242650,46.5
1023,1995_Jan_w2,79158945,46.5
1024,1995_Jan_w3,46034285,54.0
1025,1995_Jan_w4,35097466,72.5
1026,1995_Jul_w1,86590302,43.0
1027,1995_Jul_w2,83673590,50.0
1028,1995_Jul_w3,75474370,56.0
1029,1995_Jul_w4,76992901,39.333333333333336
1030,1995_Jun_w1,61361625,55.21052631578947
1031,1995_Jun_w2,69851526,70.66666666666667
1032,1995_Jun_w3,94611854,61.0
1033,1995_Jun_w4,92308167,86.0
1034,1995_Jun_w5,65330300,58.0
1035,1995_Jun_w5,98694045,58.0
1036,1995_Mar_w1,39255310,25.75
1037,1995_Mar_w2,38248250,73.66666666666667
1038,1995_Mar_w3,38813391,61.5
1039,1995_Mar_w4,39691127,44.666666666666664
1040,1995_Mar_w5,37579992,33.5
1041,1995_May_w1,36640243,62.0
1042,1995_May_w2,44973684,57.8
1043,1995_May_w3,55685726,58.5
1044,1995_May_w4,101909625,47.833333333333336
1045,1995_May_w4,33445924,47.833333333333336
1046,1995_Nov_w1,69246023,36.8
1047,1995_Nov_w2,76161016,42.0
1048,1995_Nov_w3,104321711,60.4
1049,1995_Nov_w3,34406554,60.4
1050,1995_Nov_w3,39232451,60.4
1051,1995_Nov_w4,59293975,57.5
1052,1995_Oct_w1,514949,52.25
1053,1995_Oct_w1,52792066,52.25
1054,1995_Oct_w2,44275535,17.0
1055,1995_Oct_w3,45035243,39.5
1056,1995_Oct_w4,44967686,63.0
1057,1995_Oct_w5,46916688,62.0
1058,1995_Sep_w1,34269144,32.0
1059,1995_Sep_w2,30722545,55.166666666666664
1060,1995_Sep_w3,40976642,58.0
1061,1995_Sep_w4,43393255,48.0
1062,1996_Apr_w1,51365258,39.5
1063,1996_Apr_w1,73938997,39.5
1064,1996_Apr_w2,48923712,70.0
1065,1996_Apr_w3,42051608,36.666666666666664
1066,1996_Apr_w4,41544037,59.8
1067,1996_Aug_w1,62677987,64.33333333333333
1068,1996_Aug_w2,61317662,46.714285714285715
1069,1996_Aug_w3,54394636,54.4
1070,1996_Aug_w4,51551710,36.875
1071,1996_Aug_w5,5189858,44.25
1072,1996_Aug_w5,62626184,44.25
1073,1996_Dec_w1,53917380,51.5
1074,1996_Dec_w2,61780101,65.2
1075,1996_Dec_w3,71079468,55.0
1076,1996_Dec_w4,90054966,50.142857142857146
1077,1996_Feb_w1,48469508,43.5
1078,1996_Feb_w2,49595131,72.0
1079,1996_Feb_w3,59549684,49.25
1080,1996_Feb_w3,70493925,49.25
1081,1996_Feb_w4,52427589,41.0
1082,1996_Jan_w1,63202684,42.75
1083,1996_Jan_w2,64034655,8.0
1084,1996_Jan_w2,75468297,8.0
1085,1996_Jan_w3,54757505,71.0
1086,1996_Jan_w4,41028145,49.0
1087,1996_Jul_w1,119549834,58.5
1088,1996_Jul_w2,101508998,66.5
1089,1996_Jul_w3,73131122,51.5
1090,1996_Jul_w4,67547982,53.6
1091,1996_Jun_w1,75980973,46.285714285714285
1092,1996_Jun_w2,76813873,49.333333333333336
1093,1996_Jun_w3,68983432,67.66666666666667
1094,1996_Jun_w4,90667546,33.5
1095,1996_Jun_w5,97519132,62.0
1096,1996_Mar_w1,51632867,41.0
1097,1996_Mar_w2,61193798,56.0
1098,1996_Mar_w3,51912266,48.5
1099,1996_Mar_w4,47629389,42.333333333333336
1100,1996_Mar_w5,45832157,56.8
1101,1996_May_w1,35826765,50.333333333333336
1102,1996_May_w2,59513572,53.5
1103,1996_May_w3,56264125,24.0
1104,1996_May_w4,121612593,36.0
1105,1996_May_w4,76396920,36.0
1106,1996_Nov_w1,67756760,48.57142857142857
1107,1996_Nov_w2,80546983,75.66666666666667
1108,1996_Nov_w3,91567605,68.5
1109,1996_Nov_w4,106879034,72.75
1110,1996_Nov_w4,359384,72.75
1111,1996_Nov_w4,410864,72.75
1112,1996_Oct_w1,44073815,55.2
1113,1996_Oct_w2,1439753,62.8
1114,1996_Oct_w2,50747255,62.8
1115,1996_Oct_w3,49320645,54.2
1116,1996_Oct_w4,44417511,20.666666666666668
1117,1996_Oct_w5,47475297,62.0
1118,1996_Sep_w1,35811017,37.0
1119,1996_Sep_w2,33340470,45.111111111111114
1120,1996_Sep_w3,44173203,61.0
1121,1996_Sep_w4,41257611,57.5
1122,1997_Apr_w1,66303706,38.0
1123,1997_Apr_w2,64584676,54.333333333333336
1124,1997_Apr_w3,52340730,32.0
1125,1997_Apr_w4,53119521,64.33333333333333
1126,1997_Aug_w1,93114860,49.833333333333336
1127,1997_Aug_w2,78139519,65.66666666666667
1128,1997_Aug_w3,70473999,51.75
1129,1997_Aug_w4,65746855,29.857142857142858
1130,1997_Aug_w5,19239290,48.5
1131,1997_Aug_w5,68345712,48.5
1132,1997_Dec_w1,42185260,97.0
1133,1997_Dec_w2,69091403,50.25
1134,1997_Dec_w3,91234918,67.0
1135,1997_Dec_w4,120126820,59.0
1136,1997_Feb_w1,70185950,17.333333333333332
1137,1997_Feb_w2,65669096,33.75
1138,1997_Feb_w3,47543029,55.5
1139,1997_Feb_w3,97349531,55.5
1140,1997_Feb_w4,73903142,42.333333333333336
1141,1997_Jan_w1,70213938,43.0
1142,1997_Jan_w2,62315354,26.5
1143,1997_Jan_w3,14104613,39.0
1144,1997_Jan_w3,72905249,39.0
1145,1997_Jan_w4,45079346,50.2
1146,1997_Jul_w1,113786409,52.2
1147,1997_Jul_w2,94857243,67.0
1148,1997_Jul_w3,93612321,49.0
1149,1997_Jul_w4,101320619,47.0
1150,1997_Jun_w1,65988739,41.36842105263158
1151,1997_Jun_w2,62831256,62.0
1152,1997_Jun_w3,56508375,49.0
1153,1997_Jun_w4,95550443,91.0
1154,1997_Jun_w5,92363542,62.0
1155,1997_Mar_w1,63409740,64.0
1156,1997_Mar_w2,62954749,58.0
1157,1997_Mar_w3,60250611,56.0
1158,1997_Mar_w4,74303842,35.0
1159,1997_Mar_w5,30951657,62.0
1160,1997_Mar_w5,69977546,62.0
1161,1997_May_w1,58095541,58.8
1162,1997_May_w2,57025548,47.5
1163,1997_May_w3,45992130,53.5
1164,1997_May_w4,134579279,66.33333333333333
1165,1997_May_w4,81307511,66.33333333333333
1166,1997_Nov_w1,67822130,64.0
1167,1997_Nov_w2,62856559,45.714285714285715
1168,1997_Nov_w3,75964305,58.0
1169,1997_Nov_w4,7574342,57.75
1170,1997_Nov_w4,8445232,57.75
1171,1997_Nov_w4,95033324,57.75
1172,1997_Oct_w1,56621252,56.4
1173,1997_Oct_w2,54339832,50.5
1174,1997_Oct_w2,6692408,50.5
1175,1997_Oct_w3,58860520,54.6
1176,1997_Oct_w4,49334810,62.25
1177,1997_Oct_w5,45571178,40.25
1178,1997_Sep_w1,37641254,65.0
1179,1997_Sep_w2,38503336,53.666666666666664
1180,1997_Sep_w3,49465428,65.66666666666667
1181,1997_Sep_w4,60725880,68.42857142857143
1182,1998_Apr_w1,67890972,20.25
1183,1998_Apr_w2,14725809,37.5
1184,1998_Apr_w2,68792678,37.5
1185,1998_Apr_w3,59481924,38.8
1186,1998_Apr_w4,46746646,44.42857142857143
1187,1998_Aug_w1,96361741,48.75
1188,1998_Aug_w2,97415181,41.333333333333336
1189,1998_Aug_w3,80730140,45.0
1190,1998_Aug_w4,67766658,45.5
1191,1998_Aug_w5,54769564,62.0
1192,1998_Dec_w1,61223999,69.0
1193,1998_Dec_w2,64385402,36.5
1194,1998_Dec_w3,70002410,77.33333333333333
1195,1998_Dec_w4,126493363,59.44444444444444
1196,1998_Feb_w1,78428611,36.0
1197,1998_Feb_w2,67270197,59.0
1198,1998_Feb_w3,109358965,34.0
1199,1998_Feb_w3,77595132,34.0
1200,1998_Feb_w4,69035775,37.6
1201,1998_Jan_w1,99724650,37.57142857142857
1202,1998_Jan_w2,81765867,62.0
1203,1998_Jan_w3,107524749,54.666666666666664
1204,1998_Jan_w3,45851383,54.666666666666664
1205,1998_Jan_w4,73736097,33.8
1206,1998_Jul_w1,98168592,57.0
1207,1998_Jul_w2,112926841,66.25
1208,1998_Jul_w3,106282793,82.5
1209,1998_Jul_w4,110551157,54.4
1210,1998_Jun_w1,66525811,52.125
1211,1998_Jun_w2,85102476,55.63636363636363
1212,1998_Jun_w3,80498039,73.6
1213,1998_Jun_w4,98720793,73.5
1214,1998_Jun_w5,99152870,62.0
1215,1998_Mar_w1,59731377,59.166666666666664
1216,1998_Mar_w2,71119186,55.0
1217,1998_Mar_w3,70183720,69.75
1218,1998_Mar_w4,74758281,56.666666666666664
1219,1998_Mar_w5,66059802,62.0
1220,1998_May_w1,45568806,59.0
1221,1998_May_w2,67299336,29.75
1222,1998_May_w3,56840169,53.6
1223,1998_May_w4,120893367,62.5
1224,1998_May_w4,67539654,62.5
1225,1998_Nov_w1,88945179,54.57142857142857
1226,1998_Nov_w2,83456705,47.42857142857143
1227,1998_Nov_w3,90114208,81.375
1228,1998_Nov_w4,112913578,48.2
1229,1998_Nov_w4,41673088,48.2
1230,1998_Nov_w4,46935463,48.2
1231,1998_Oct_w1,80265375,44.8
1232,1998_Oct_w2,19063164,54.285714285714285
1233,1998_Oct_w2,63399951,54.285714285714285
1234,1998_Oct_w3,70892334,56.75
1235,1998_Oct_w4,59381827,52.42857142857143
1236,1998_Oct_w5,43177456,60.666666666666664
1237,1998_Sep_w1,18708033,41.666666666666664
1238,1998_Sep_w1,57518654,41.666666666666664
1239,1998_Sep_w2,37299155,55.0
1240,1998_Sep_w3,64340871,75.4
1241,1998_Sep_w4,64079026,58.285714285714285
1242,1999_Apr_w1,33325185,48.5
1243,1999_Apr_w1,72747211,48.5
1244,1999_Apr_w2,65123118,48.666666666666664
1245,1999_Apr_w3,66575853,57.25
1246,1999_Apr_w4,47982849,45.0
1247,1999_Aug_w1,133878394,60.111111111111114
1248,1999_Aug_w2,133117335,52.4
1249,1999_Aug_w3,107182350,59.25
1250,1999_Aug_w4,84504737,37.333333333333336
1251,1999_Aug_w5,70233626,85.0
1252,1999_Dec_w1,68596332,25.5
1253,1999_Dec_w2,69153933,51.42857142857143
1254,1999_Dec_w3,72834147,58.5
1255,1999_Dec_w4,88768536,54.0
1256,1999_Dec_w5,98775026,67.75
1257,1999_Feb_w1,52024366,53.0
1258,1999_Feb_w2,58206047,43.333333333333336
1259,1999_Feb_w3,55488096,60.666666666666664
1260,1999_Feb_w3,90414313,60.666666666666664
1261,1999_Feb_w4,59536388,27.666666666666668
1262,1999_Jan_w1,96199635,55.27272727272727
1263,1999_Jan_w2,71121141,89.0
1264,1999_Jan_w3,54023156,27.75
1265,1999_Jan_w3,92568087,27.75
1266,1999_Jan_w4,57142409,46.833333333333336
1267,1999_Jul_w1,114717534,46.6
1268,1999_Jul_w1,79915264,46.6
1269,1999_Jul_w2,102677169,68.25
1270,1999_Jul_w3,98446172,62.5
1271,1999_Jul_w4,106341729,58.666666666666664
1272,1999_Jun_w1,129902721,50.46666666666667
1273,1999_Jun_w1,90494269,50.46666666666667
1274,1999_Jun_w2,77058968,63.0
1275,1999_Jun_w3,111640750,69.16666666666667
1276,1999_Jun_w4,123436945,58.5
1277,1999_Jun_w5,125015078,48.5
1278,1999_Mar_w1,58589554,52.666666666666664
1279,1999_Mar_w2,64854188,16.6
1280,1999_Mar_w3,62058608,40.0
1281,1999_Mar_w4,55210480,45.0
1282,1999_Mar_w5,52845536,78.5
1283,1999_May_w1,48866412,86.25
1284,1999_May_w2,75882886,59.5
1285,1999_May_w3,59008671,49.0
1286,1999_May_w4,99552834,55.5
1287,1999_Nov_w1,58984616,46.625
1288,1999_Nov_w2,83281048,42.8
1289,1999_Nov_w3,101348101,57.6
1290,1999_Nov_w4,107717980,61.42857142857143
1291,1999_Nov_w4,122937210,61.42857142857143
1292,1999_Nov_w4,142914598,61.42857142857143
1293,1999_Oct_w1,75201707,62.81818181818182
1294,1999_Oct_w2,62512514,45.0
1295,1999_Oct_w2,77198159,45.0
1296,1999_Oct_w3,67432995,46.875
1297,1999_Oct_w4,57181140,40.75
1298,1999_Oct_w5,50438110,57.833333333333336
1299,1999_Sep_w1,64374500,47.4
1300,1999_Sep_w1,82141478,47.4
1301,1999_Sep_w2,59580103,43.57142857142857
1302,1999_Sep_w3,65709789,51.0
1303,1999_Sep_w4,69030702,38.25
1304,2000_Apr_w1,69411543,46.0
1305,2000_Apr_w2,62238028,76.5
1306,2000_Apr_w3,70397639,52.333333333333336
1307,2000_Apr_w3,74620570,52.333333333333336
1308,2000_Apr_w4,64213479,52.333333333333336
1309,2000_Aug_w1,114097294,45.285714285714285
1310,2000_Aug_w2,92196014,32.333333333333336
1311,2000_Aug_w3,79747611,69.75
1312,2000_Aug_w4,69438933,36.5
1313,2000_Aug_w5,44741276,94.0
1314,2000_Aug_w5,69478205,94.0
1315,2000_Dec_w1,77568179,79.0
1316,2000_Dec_w2,96241758,58.0
1317,2000_Dec_w3,138380803,55.714285714285715
1318,2000_Dec_w3,92504427,55.714285714285715
1319,2000_Dec_w4,112260049,59.54545454545455
1320,2000_Dec_w4,152276541,59.54545454545455
1321,2000_Feb_w1,67949978,55.0
1322,2000_Feb_w2,71894913,41.666666666666664
1323,2000_Feb_w3,105833032,70.44444444444444
1324,2000_Feb_w3,82586366,70.44444444444444
1325,2000_Feb_w4,66413722,39.0
1326,2000_Jan_w1,74169526,55.44444444444444
1327,2000_Jan_w2,77115947,43.5
1328,2000_Jan_w2,92328614,43.5
1329,2000_Jan_w3,53118997,29.833333333333332
1330,2000_Jan_w4,42010952,39.625
1331,2000_Jul_w1,131658470,63.0
1332,2000_Jul_w2,140259924,48.0
1333,2000_Jul_w3,124114586,24.0
1334,2000_Jul_w4,117342589,34.5
1335,2000_Jun_w1,95077357,46.0
1336,2000_Jun_w2,90433502,51.25
1337,2000_Jun_w3,94155016,53.0
1338,2000_Jun_w4,94088127,49.333333333333336
1339,2000_Jun_w5,122460933,44.333333333333336
1340,2000_Jun_w5,157254073,44.333333333333336
1341,2000_Mar_w1,51441138,52.875
1342,2000_Mar_w2,61089854,36.2
1343,2000_Mar_w3,71227498,51.0
1344,2000_Mar_w4,70001108,44.0
1345,2000_Mar_w5,72074699,69.5
1346,2000_May_w1,73974852,57.666666666666664
1347,2000_May_w2,67300737,40.285714285714285
1348,2000_May_w3,99438784,61.4
1349,2000_May_w4,106840609,49.0
1350,2000_May_w4,168482598,49.0
1351,2000_Nov_w1,92712524,53.25
1352,2000_Nov_w2,143270337,58.166666666666664
1353,2000_Nov_w3,162812121,54.25
1354,2000_Nov_w3,163233836,54.25
1355,2000_Nov_w3,185156440,54.25
1356,2000_Nov_w4,80009485,58.666666666666664
1357,2000_Oct_w1,61203642,65.28571428571429
1358,2000_Oct_w1,74008718,65.28571428571429
1359,2000_Oct_w2,70466230,55.8
1360,2000_Oct_w3,67346403,62.77777777777778
1361,2000_Oct_w4,67898055,54.714285714285715
1362,2000_Oct_w5,92320475,13.0
1363,2000_Sep_w1,41681570,42.875
1364,2000_Sep_w2,34760709,43.8
1365,2000_Sep_w3,44541332,42.166666666666664
1366,2000_Sep_w4,50235733,45.833333333333336
1367,2001_Apr_w1,76825254,52.125
1368,2001_Apr_w2,24270151,48.6
1369,2001_Apr_w2,70892715,48.6
1370,2001_Apr_w3,64219275,36.0
1371,2001_Apr_w4,50386961,36.714285714285715
1372,2001_Aug_w1,159718832,58.0
1373,2001_Aug_w2,143895822,64.55555555555556
1374,2001_Aug_w3,98535024,62.857142857142854
1375,2001_Aug_w4,76812343,49.0
1376,2001_Aug_w5,70470375,57.666666666666664
1377,2001_Aug_w5,87742692,57.666666666666664
1378,2001_Dec_w1,81015513,57.833333333333336
1379,2001_Dec_w2,86788851,56.166666666666664
1380,2001_Dec_w3,119543145,57.833333333333336
1381,2001_Dec_w3,173502067,57.833333333333336
1382,2001_Dec_w4,136876018,61.714285714285715
1383,2001_Dec_w4,204129883,61.714285714285715
1384,2001_Feb_w1,65065730,25.8
1385,2001_Feb_w2,102923335,39.0
1386,2001_Feb_w3,118551963,36.25
1387,2001_Feb_w3,82556340,36.25
1388,2001_Feb_w4,69754742,16.5
1389,2001_Jan_w1,99460710,62.12
1390,2001_Jan_w2,134476419,51.8
1391,2001_Jan_w2,79336430,51.8
1392,2001_Jan_w3,80780055,63.2
1393,2001_Jan_w4,66851732,24.75
1394,2001_Jul_w1,114917024,39.0
1395,2001_Jul_w2,103073616,61.125
1396,2001_Jul_w3,130460690,43.666666666666664
1397,2001_Jul_w4,140388522,47.0
1398,2001_Jun_w1,120274270,56.44444444444444
1399,2001_Jun_w2,93076000,46.0
1400,2001_Jun_w3,127001747,54.666666666666664
1401,2001_Jun_w4,132493383,62.0
1402,2001_Jun_w5,113812114,58.333333333333336
1403,2001_Mar_w1,70619092,48.142857142857146
1404,2001_Mar_w2,59297702,48.0
1405,2001_Mar_w3,68073729,43.0
1406,2001_Mar_w4,63033676,41.666666666666664
1407,2001_Mar_w5,78251050,63.6
1408,2001_May_w1,97218110,55.625
1409,2001_May_w2,69550714,62.833333333333336
1410,2001_May_w3,94294422,64.4
1411,2001_May_w4,137422090,68.0
1412,2001_May_w4,175566618,68.0
1413,2001_Nov_w1,112416838,63.166666666666664
1414,2001_Nov_w2,150075625,56.4
1415,2001_Nov_w3,138700810,55.888888888888886
1416,2001_Nov_w3,159509399,55.888888888888886
1417,2001_Nov_w3,185370002,55.888888888888886
1418,2001_Nov_w4,79717385,93.0
1419,2001_Oct_w1,2646893,48.45454545454545
1420,2001_Oct_w1,81033528,48.45454545454545
1421,2001_Oct_w2,73642569,53.5
1422,2001_Oct_w3,67433022,67.5
1423,2001_Oct_w4,67855902,44.5
1424,2001_Oct_w5,129494878,81.0
1425,2001_Sep_w1,57243510,57.666666666666664
1426,2001_Sep_w2,48256060,48.2
1427,2001_Sep_w3,39168070,16.0
1428,2001_Sep_w4,61239377,46.2
1429,2002_Apr_w1,89287375,56.375
1430,2002_Apr_w2,78604727,51.57142857142857
1431,2002_Apr_w3,88831177,56.714285714285715
1432,2002_Apr_w4,67131090,42.42857142857143
1433,2002_Aug_w1,137681488,41.333333333333336
1434,2002_Aug_w2,129287848,67.25
1435,2002_Aug_w3,95548336,60.333333333333336
1436,2002_Aug_w4,71441081,45.142857142857146
1437,2002_Aug_w5,65616415,37.25
1438,2002_Aug_w5,84684178,37.25
1439,2002_Dec_w1,63842353,46.111111111111114
1440,2002_Dec_w2,86924905,64.75
1441,2002_Dec_w3,126680212,74.42857142857143
1442,2002_Dec_w4,149298188,72.0
1443,2002_Feb_w1,73420948,47.666666666666664
1444,2002_Feb_w2,78600551,42.0
1445,2002_Feb_w3,116732273,35.2
1446,2002_Feb_w3,97249142,35.2
1447,2002_Feb_w4,77302434,39.166666666666664
1448,2002_Jan_w1,98217854,58.70967741935484
1449,2002_Jan_w2,83274097,52.166666666666664
1450,2002_Jan_w3,122540384,38.75
1451,2002_Jan_w3,99718554,38.75
1452,2002_Jan_w4,103940396,62.6
1453,2002_Jul_w1,134225169,51.666666666666664
1454,2002_Jul_w2,123629198,66.42857142857143
1455,2002_Jul_w3,94136132,70.57142857142857
1456,2002_Jul_w4,129688399,57.166666666666664
1457,2002_Jun_w1,115078126,42.0
1458,2002_Jun_w2,99891208,54.166666666666664
1459,2002_Jun_w3,150600635,57.666666666666664
1460,2002_Jun_w4,146017182,43.25
1461,2002_Jun_w5,125614968,62.0
1462,2002_Mar_w1,77318057,65.33333333333333
1463,2002_Mar_w2,78308340,58.77777777777778
1464,2002_Mar_w3,116789443,46.75
1465,2002_Mar_w4,113639084,44.0
1466,2002_Mar_w5,108914420,52.0
1467,2002_Mar_w5,123464532,52.0
1468,2002_May_w1,148621966,52.5
1469,2002_May_w2,112776680,55.333333333333336
1470,2002_May_w3,160667616,86.5
1471,2002_May_w4,150537889,61.833333333333336
1472,2002_May_w4,188868729,61.833333333333336
1473,2002_Nov_w1,125751491,49.333333333333336
1474,2002_Nov_w2,158828971,63.666666666666664
1475,2002_Nov_w3,141700919,55.333333333333336
1476,2002_Nov_w4,127058801,50.125
1477,2002_Nov_w4,157209548,50.125
1478,2002_Nov_w4,182703629,50.125
1479,2002_Oct_w1,98121206,67.42857142857143
1480,2002_Oct_w2,87173297,53.8125
1481,2002_Oct_w2,89865799,53.8125
1482,2002_Oct_w3,67633772,39.0
1483,2002_Oct_w4,81807831,49.5
1484,2002_Oct_w5,97888832,33.0
1485,2002_Sep_w1,55776823,32.8
1486,2002_Sep_w2,69672402,47.333333333333336
1487,2002_Sep_w3,64605510,49.625
1488,2002_Sep_w4,88803978,41.25
1489,2003_Apr_w1,77836780,42.2
1490,2003_Apr_w2,81221364,56.57142857142857
1491,2003_Apr_w3,83540823,53.285714285714285
1492,2003_Apr_w3,94127943,53.285714285714285
1493,2003_Apr_w4,71671372,48.666666666666664
1494,2003_Aug_w1,127890683,60.5
1495,2003_Aug_w2,125206737,53.4
1496,2003_Aug_w3,127283862,49.45454545454545
1497,2003_Aug_w4,80395694,39.75
1498,2003_Aug_w5,75172635,32.5
1499,2003_Aug_w5,97613356,32.5
1500,2003_Dec_w1,85431721,51.857142857142854
1501,2003_Dec_w2,76169972,50.0
1502,2003_Dec_w3,128315844,64.85714285714286
1503,2003_Dec_w4,159452644,59.5
1504,2003_Feb_w1,85451156,52.833333333333336
1505,2003_Feb_w2,96780739,48.5
1506,2003_Feb_w3,118587785,45.857142857142854
1507,2003_Feb_w3,133982805,45.857142857142854
1508,2003_Feb_w4,89941443,25.0
1509,2003_Jan_w1,102574723,62.15384615384615
1510,2003_Jan_w2,82340691,83.5
1511,2003_Jan_w3,112538187,43.375
1512,2003_Jan_w3,93826020,43.375
1513,2003_Jan_w4,74311778,60.25
1514,2003_Jul_w1,123267847,64.0
1515,2003_Jul_w2,131792592,50.666666666666664
1516,2003_Jul_w3,134729265,40.57142857142857
1517,2003_Jul_w4,141886062,56.55555555555556
1518,2003_Jun_w1,166212620,50.142857142857146
1519,2003_Jun_w2,154965259,53.333333333333336
1520,2003_Jun_w3,114371490,47.2
1521,2003_Jun_w4,138565602,66.25
1522,2003_Jun_w5,107713698,62.0
1523,2003_Mar_w1,82258706,53.75
1524,2003_Mar_w2,91857671,45.0
1525,2003_Mar_w3,87369412,49.42857142857143
1526,2003_Mar_w4,78907557,48.333333333333336
1527,2003_Mar_w5,82355910,62.0
1528,2003_May_w1,138756540,67.71428571428571
1529,2003_May_w2,100308486,50.333333333333336
1530,2003_May_w3,153155481,78.5
1531,2003_May_w4,150430213,40.5
1532,2003_May_w4,189501916,40.5
1533,2003_Nov_w1,141589384,52.714285714285715
1534,2003_Nov_w2,117578520,83.75
1535,2003_Nov_w3,123088624,49.8
1536,2003_Nov_w4,140720533,61.625
1537,2003_Nov_w4,170718573,61.625
1538,2003_Nov_w4,195396446,61.625
1539,2003_Oct_w1,76465128,72.2
1540,2003_Oct_w2,82825037,50.77777777777778
1541,2003_Oct_w2,93729703,50.77777777777778
1542,2003_Oct_w3,100497930,55.45454545454545
1543,2003_Oct_w4,117441060,40.55555555555556
1544,2003_Oct_w5,87785845,72.0
1545,2003_Sep_w1,46118364,55.0
1546,2003_Sep_w2,69711433,63.44444444444444
1547,2003_Sep_w3,87127122,52.18181818181818
1548,2003_Sep_w4,74175948,52.77777777777778
1549,2004_Apr_w1,107623883,49.8
1550,2004_Apr_w2,100388487,45.57142857142857
1551,2004_Apr_w2,87892722,45.57142857142857
1552,2004_Apr_w3,78968385,57.142857142857146
1553,2004_Apr_w4,78861223,59.42857142857143
1554,2004_Aug_w1,136648459,48.8
1555,2004_Aug_w2,93818029,49.166666666666664
1556,2004_Aug_w3,119841838,54.61538461538461
1557,2004_Aug_w4,96455296,41.875
1558,2004_Aug_w5,78830121,62.0
1559,2004_Dec_w1,75632953,56.166666666666664
1560,2004_Dec_w2,98593405,63.833333333333336
1561,2004_Dec_w3,94894514,67.14285714285714
1562,2004_Dec_w4,112673267,62.833333333333336
1563,2004_Dec_w5,114961674,52.22222222222222
1564,2004_Feb_w1,67426484,67.8
1565,2004_Feb_w2,85154544,52.625
1566,2004_Feb_w3,100035678,38.888888888888886
1567,2004_Feb_w3,115271903,38.888888888888886
1568,2004_Feb_w4,69238343,34.625
1569,2004_Jan_w1,114997701,55.76923076923077
1570,2004_Jan_w2,83360349,70.6
1571,2004_Jan_w3,107223556,51.55555555555556
1572,2004_Jan_w3,90004004,51.55555555555556
1573,2004_Jan_w4,77928970,61.142857142857146
1574,2004_Jul_w1,154099164,55.166666666666664
1575,2004_Jul_w1,206950910,55.166666666666664
1576,2004_Jul_w2,131827683,62.142857142857146
1577,2004_Jul_w3,134570481,54.2
1578,2004_Jul_w4,135184908,53.57142857142857
1579,2004_Jun_w1,184125061,57.2
1580,2004_Jun_w1,236850123,57.2
1581,2004_Jun_w2,182021652,44.888888888888886
1582,2004_Jun_w3,151332493,53.57142857142857
1583,2004_Jun_w4,128069046,45.8
1584,2004_Jun_w5,129176051,65.5
1585,2004_Mar_w1,135527084,55.166666666666664
1586,2004_Mar_w2,127593283,56.833333333333336
1587,2004_Mar_w3,101274843,63.333333333333336
1588,2004_Mar_w4,105621482,54.375
1589,2004_Mar_w5,102319550,62.0
1590,2004_May_w1,83177726,47.714285714285715
1591,2004_May_w2,98399021,55.0
1592,2004_May_w3,100629677,52.333333333333336
1593,2004_May_w4,161847766,44.666666666666664
1594,2004_Nov_w1,131864106,59.6
1595,2004_Nov_w2,131257704,57.5
1596,2004_Nov_w3,139057519,73.75
1597,2004_Nov_w4,146437423,47.333333333333336
1598,2004_Nov_w4,178346730,47.333333333333336
1599,2004_Nov_w4,205521213,47.333333333333336
1600,2004_Oct_w1,98687284,48.166666666666664
1601,2004_Oct_w2,106647546,66.44444444444444
1602,2004_Oct_w2,95535064,66.44444444444444
1603,2004_Oct_w3,86263922,43.8125
1604,2004_Oct_w4,95443105,60.5
1605,2004_Oct_w5,88903187,61.833333333333336
1606,2004_Sep_w1,58998603,45.125
1607,2004_Sep_w1,75033354,45.125
1608,2004_Sep_w2,59095246,68.6
1609,2004_Sep_w3,60061974,52.55555555555556
1610,2004_Sep_w4,55689771,47.22222222222222
1611,2005_Apr_w1,75815725,80.0
1612,2005_Apr_w2,71312645,47.125
1613,2005_Apr_w3,78875513,53.0
1614,2005_Apr_w4,78058370,55.4
1615,2005_Aug_w1,98480327,60.857142857142854
1616,2005_Aug_w2,100228294,52.3
1617,2005_Aug_w3,92953567,53.42857142857143
1618,2005_Aug_w4,77824346,34.42857142857143
1619,2005_Aug_w5,72867782,65.0
1620,2005_Aug_w5,91625845,65.0
1621,2005_Dec_w1,113612356,61.666666666666664
1622,2005_Dec_w2,119305835,74.0
1623,2005_Dec_w3,149695276,36.44444444444444
1624,2005_Dec_w3,94745376,36.44444444444444
1625,2005_Dec_w4,123334934,55.888888888888886
1626,2005_Dec_w4,159848290,55.888888888888886
1627,2005_Feb_w1,81760868,51.375
1628,2005_Feb_w2,98317419,76.22222222222223
1629,2005_Feb_w3,109619134,55.5
1630,2005_Feb_w3,129703618,55.5
1631,2005_Feb_w4,98868991,14.0
1632,2005_Jan_w1,93376849,40.36363636363637
1633,2005_Jan_w2,112075179,41.25
1634,2005_Jan_w2,135910983,41.25
1635,2005_Jan_w3,78920270,57.5
1636,2005_Jan_w4,97441087,56.8
1637,2005_Jul_w1,135633138,44.0
1638,2005_Jul_w2,150770053,65.83333333333333
1639,2005_Jul_w3,124012308,70.33333333333333
1640,2005_Jul_w4,105645982,74.71428571428571
1641,2005_Jun_w1,124821684,42.142857142857146
1642,2005_Jun_w2,134230550,48.18181818181818
1643,2005_Jun_w3,127046966,46.333333333333336
1644,2005_Jun_w4,113398236,68.0
1645,2005_Jun_w5,129652252,75.0
1646,2005_Jun_w5,155959727,75.0
1647,2005_Mar_w1,104740602,59.714285714285715
1648,2005_Mar_w2,100272952,57.0
1649,2005_Mar_w3,102331011,47.333333333333336
1650,2005_Mar_w4,100063419,46.5
1651,2005_Mar_w4,86905815,46.5
1652,2005_Mar_w5,92823733,38.0
1653,2005_May_w1,76115341,46.6
1654,2005_May_w2,91747480,51.75
1655,2005_May_w3,155603666,76.0
1656,2005_May_w4,176095556,68.0
1657,2005_May_w4,223962788,68.0
1658,2005_Nov_w1,106966552,64.0
1659,2005_Nov_w2,168987940,53.5
1660,2005_Nov_w3,143088210,68.33333333333333
1661,2005_Nov_w3,168702261,68.33333333333333
1662,2005_Nov_w3,200877176,68.33333333333333
1663,2005_Nov_w4,73570458,46.0
1664,2005_Oct_w1,80874687,68.23076923076923
1665,2005_Oct_w1,91725237,68.23076923076923
1666,2005_Oct_w2,66154387,36.285714285714285
1667,2005_Oct_w3,65691999,54.30769230769231
1668,2005_Oct_w4,82583718,55.3
1669,2005_Oct_w5,115339866,62.0
1670,2005_Sep_w1,70635980,38.285714285714285
1671,2005_Sep_w2,66381308,40.38461538461539
1672,2005_Sep_w3,84333686,54.23529411764706
1673,2005_Sep_w4,71498614,37.285714285714285
1674,2006_Apr_w1,99082969,52.666666666666664
1675,2006_Apr_w2,107052016,49.714285714285715
1676,2006_Apr_w2,120316887,49.714285714285715
1677,2006_Apr_w3,95425388,42.5
1678,2006_Apr_w4,86027988,61.266666666666666
1679,2006_Aug_w1,116349093,56.0
1680,2006_Aug_w2,103779263,42.55555555555556
1681,2006_Aug_w3,85216005,44.2
1682,2006_Aug_w4,75796177,60.0
1683,2006_Aug_w5,70735453,50.0
1684,2006_Aug_w5,88992177,50.0
1685,2006_Dec_w1,82696524,21.571428571428573
1686,2006_Dec_w2,106010696,51.0
1687,2006_Dec_w3,102661049,51.916666666666664
1688,2006_Dec_w3,145773272,51.916666666666664
1689,2006_Dec_w4,134142131,62.083333333333336
1690,2006_Dec_w4,175161532,62.083333333333336
1691,2006_Feb_w1,76084313,45.125
1692,2006_Feb_w2,98949725,45.142857142857146
1693,2006_Feb_w3,106280152,49.0
1694,2006_Feb_w3,128140794,49.0
1695,2006_Feb_w4,94930097,50.333333333333336
1696,2006_Jan_w1,97887282,38.55555555555556
1697,2006_Jan_w2,114402747,57.2
1698,2006_Jan_w2,92636327,57.2
1699,2006_Jan_w3,87776641,57.45454545454545
1700,2006_Jan_w4,93425268,54.166666666666664
1701,2006_Jul_w1,207346655,73.0
1702,2006_Jul_w2,147808292,26.75
1703,2006_Jul_w3,137618515,47.375
1704,2006_Jul_w4,108847779,51.0
1705,2006_Jun_w1,128081069,53.42857142857143
1706,2006_Jun_w2,144546385,53.166666666666664
1707,2006_Jun_w3,139818068,42.4
1708,2006_Jun_w4,124781927,56.8235294117647
1709,2006_Jun_w5,139186743,75.0
1710,2006_Jun_w5,203866345,75.0
1711,2006_Mar_w1,77823578,59.375
1712,2006_Mar_w2,88857740,55.44444444444444
1713,2006_Mar_w3,89715805,56.53846153846154
1714,2006_Mar_w4,95002772,60.6
1715,2006_Mar_w5,127044749,62.5
1716,2006_May_w1,94591176,43.875
1717,2006_May_w2,80908534,54.0
1718,2006_May_w3,153143247,45.44444444444444
1719,2006_May_w4,186924554,63.833333333333336
1720,2006_May_w4,230014025,63.833333333333336
1721,2006_Nov_w1,106197176,54.4
1722,2006_Nov_w2,129362388,57.27272727272727
1723,2006_Nov_w3,140743238,65.53846153846153
1724,2006_Nov_w3,170601845,65.53846153846153
1725,2006_Nov_w3,197266639,65.53846153846153
1726,2006_Nov_w4,77200141,61.416666666666664
1727,2006_Oct_w1,109260001,59.61538461538461
1728,2006_Oct_w1,98930483,59.61538461538461
1729,2006_Oct_w2,96953720,51.92857142857143
1730,2006_Oct_w3,81965050,55.75
1731,2006_Oct_w4,83339526,56.666666666666664
1732,2006_Oct_w5,108871420,87.0
1733,2006_Sep_w1,49006882,59.88235294117647
1734,2006_Sep_w2,56361184,57.53846153846154
1735,2006_Sep_w3,77173306,54.09090909090909
1736,2006_Sep_w4,83332898,50.875
1737,2007_Apr_w1,104656515,53.375
1738,2007_Apr_w1,118487192,53.375
1739,2007_Apr_w2,91708525,56.416666666666664
1740,2007_Apr_w3,69094827,62.625
1741,2007_Apr_w4,57110548,48.9375
1742,2007_Aug_w1,157482640,49.23076923076923
1743,2007_Aug_w2,134842684,49.90909090909091
1744,2007_Aug_w3,108565896,57.857142857142854
1745,2007_Aug_w4,84691057,50.53846153846154
1746,2007_Aug_w5,113621805,50.0
1747,2007_Aug_w5,91762724,50.0
1748,2007_Dec_w1,68128819,64.9
1749,2007_Dec_w2,149415413,55.142857142857146
1750,2007_Dec_w3,147707092,51.7
1751,2007_Dec_w3,220037531,51.7
1752,2007_Dec_w4,157924807,65.81818181818181
1753,2007_Dec_w4,232891078,65.81818181818181
1754,2007_Feb_w1,66162832,42.0
1755,2007_Feb_w2,87192120,43.07692307692308
1756,2007_Feb_w3,138054963,60.81818181818182
1757,2007_Feb_w3,163208842,60.81818181818182
1758,2007_Feb_w4,96852706,55.57142857142857
1759,2007_Jan_w1,95437440,39.5
1760,2007_Jan_w2,110241732,57.92307692307692
1761,2007_Jan_w2,90498028,57.92307692307692
1762,2007_Jan_w3,67053906,61.0
1763,2007_Jan_w4,82251314,40.666666666666664
1764,2007_Jul_w1,160065416,60.5
1765,2007_Jul_w2,168833476,56.666666666666664
1766,2007_Jul_w3,144104368,54.285714285714285
1767,2007_Jul_w4,169137597,71.14285714285714
1768,2007_Jun_w1,127496396,65.71428571428571
1769,2007_Jun_w2,129422051,69.0
1770,2007_Jun_w3,137781216,63.2
1771,2007_Jun_w4,121972345,64.66666666666667
1772,2007_Jun_w5,141710943,73.4
1773,2007_Mar_w1,103593442,55.714285714285715
1774,2007_Mar_w2,135961063,58.06666666666667
1775,2007_Mar_w3,100707696,43.111111111111114
1776,2007_Mar_w4,116375315,49.375
1777,2007_Mar_w5,113066760,80.85714285714286
1778,2007_May_w1,178072412,67.83333333333333
1779,2007_May_w2,93311787,48.38461538461539
1780,2007_May_w3,171457637,62.6
1781,2007_May_w4,197493249,73.3076923076923
1782,2007_May_w4,244300251,73.3076923076923
1783,2007_Nov_w1,94231894,77.125
1784,2007_Nov_w2,90445557,62.53846153846154
1785,2007_Nov_w3,139986104,52.3125
1786,2007_Nov_w3,169169508,52.3125
1787,2007_Nov_w3,200185564,52.3125
1788,2007_Nov_w4,68453426,72.0
1789,2007_Oct_w1,63082114,54.77777777777778
1790,2007_Oct_w1,71979952,54.77777777777778
1791,2007_Oct_w2,80316757,59.888888888888886
1792,2007_Oct_w3,68917610,55.666666666666664
1793,2007_Oct_w4,81239698,53.2
1794,2007_Oct_w5,118917527,59.0
1795,2007_Sep_w1,61765508,66.1
1796,2007_Sep_w2,60351939,50.375
1797,2007_Sep_w3,75128042,51.18181818181818
1798,2007_Sep_w4,72818734,55.285714285714285
1799,2008_Apr_w1,76219857,46.07692307692308
1800,2008_Apr_w2,77792738,51.5
1801,2008_Apr_w3,79673117,42.38461538461539
1802,2008_Apr_w4,76023855,48.0
1803,2008_Aug_w1,140934095,63.857142857142854
1804,2008_Aug_w2,108322998,54.666666666666664
1805,2008_Aug_w3,106423430,30.333333333333332
1806,2008_Aug_w4,82667170,59.86666666666667
1807,2008_Aug_w5,68515837,56.333333333333336
1808,2008_Aug_w5,85925307,56.333333333333336
1809,2008_Dec_w1,73440488,52.5
1810,2008_Dec_w2,78517597,50.27272727272727
1811,2008_Dec_w3,77424767,63.857142857142854
1812,2008_Dec_w4,169982431,47.833333333333336
1813,2008_Feb_w1,94843468,53.166666666666664
1814,2008_Feb_w2,83480396,63.22727272727273
1815,2008_Feb_w3,111505912,51.666666666666664
1816,2008_Feb_w3,133761458,51.666666666666664
1817,2008_Feb_w4,85162089,42.666666666666664
1818,2008_Jan_w1,112470805,65.6
1819,2008_Jan_w2,98786197,51.42857142857143
1820,2008_Jan_w3,126624750,65.5
1821,2008_Jan_w3,151470763,65.5
1822,2008_Jan_w4,109183558,52.0
1823,2008_Jul_w1,149925900,56.0
1824,2008_Jul_w2,139919684,53.55555555555556
1825,2008_Jul_w3,250971601,69.3
1826,2008_Jul_w4,170701895,61.9
1827,2008_Jun_w1,163144136,62.3
1828,2008_Jun_w2,169909290,55.625
1829,2008_Jun_w3,174921744,53.63636363636363
1830,2008_Jun_w4,135822136,72.25
1831,2008_Jun_w5,176907464,55.0
1832,2008_Mar_w1,73841003,52.15384615384615
1833,2008_Mar_w2,86928662,66.75
1834,2008_Mar_w3,101862262,51.55555555555556
1835,2008_Mar_w4,107553652,48.8
1836,2008_Mar_w4,94656916,48.8
1837,2008_Mar_w5,85512670,20.0
1838,2008_May_w1,148431129,59.2
1839,2008_May_w2,115983162,45.75
1840,2008_May_w3,124788668,75.17647058823529
1841,2008_May_w4,166568045,60.09090909090909
1842,2008_May_w4,212296393,60.09090909090909
1843,2008_Nov_w1,123379106,45.92307692307692
1844,2008_Nov_w2,134787672,56.25
1845,2008_Nov_w3,154817872,77.0
1846,2008_Nov_w4,152333947,62.714285714285715
1847,2008_Nov_w4,185072958,62.714285714285715
1848,2008_Nov_w4,218303171,62.714285714285715
1849,2008_Oct_w1,90629110,72.375
1850,2008_Oct_w2,80803153,63.5
1851,2008_Oct_w2,91420183,63.5
1852,2008_Oct_w3,79992286,54.38461538461539
1853,2008_Oct_w4,115860151,59.916666666666664
1854,2008_Oct_w5,69307204,49.857142857142854
1855,2008_Sep_w1,46350874,67.70370370370371
1856,2008_Sep_w2,82159485,57.9
1857,2008_Sep_w3,72805930,50.0
1858,2008_Sep_w4,82148111,50.84615384615385
1859,2009_Apr_w1,146086888,61.22222222222222
1860,2009_Apr_w2,122113373,46.5
1861,2009_Apr_w2,137209381,46.5
1862,2009_Apr_w3,97370546,63.5625
1863,2009_Apr_w4,100327984,62.916666666666664
1864,2009_Aug_w1,107143812,71.85714285714286
1865,2009_Aug_w2,125660546,62.1
1866,2009_Aug_w3,119101428,50.625
1867,2009_Aug_w4,106503767,56.75
1868,2009_Aug_w5,105329392,62.0
1869,2009_Dec_w1,86237399,49.90909090909091
1870,2009_Dec_w2,82656512,59.77777777777778
1871,2009_Dec_w3,126343342,62.5
1872,2009_Dec_w4,255212095,54.833333333333336
1873,2009_Feb_w1,95933299,48.93333333333333
1874,2009_Feb_w2,124041046,44.833333333333336
1875,2009_Feb_w3,151899971,50.0
1876,2009_Feb_w3,176130106,50.0
1877,2009_Feb_w4,112141559,35.0
1878,2009_Jan_w1,123210617,71.33333333333333
1879,2009_Jan_w2,121541116,32.25
1880,2009_Jan_w3,154456350,65.1
1881,2009_Jan_w3,184673846,65.1
1882,2009_Jan_w4,118605040,61.0
1883,2009_Jul_w1,152619904,45.0
1884,2009_Jul_w2,132244941,50.166666666666664
1885,2009_Jul_w3,150389463,67.85714285714286
1886,2009_Jul_w4,138205853,41.625
1887,2009_Jun_w1,159873985,48.55555555555556
1888,2009_Jun_w2,157921508,70.25
1889,2009_Jun_w3,129330317,54.916666666666664
1890,2009_Jun_w4,139770972,62.166666666666664
1891,2009_Jun_w5,190609317,62.0
1892,2009_Mar_w1,80508972,64.27272727272727
1893,2009_Mar_w2,97720570,56.54545454545455
1894,2009_Mar_w3,84204182,58.09090909090909
1895,2009_Mar_w4,93174791,50.09090909090909
1896,2009_Mar_w5,136575156,62.0
1897,2009_May_w1,146572798,60.1
1898,2009_May_w2,138843581,43.57142857142857
1899,2009_May_w3,128079406,52.69230769230769
1900,2009_May_w4,168355487,58.5
1901,2009_May_w4,211868707,58.5
1902,2009_Nov_w1,102932989,54.25
1903,2009_Nov_w2,124130245,51.375
1904,2009_Nov_w3,246948248,57.38461538461539
1905,2009_Nov_w4,172369237,51.714285714285715
1906,2009_Nov_w4,212001958,51.714285714285715
1907,2009_Nov_w4,251418028,51.714285714285715
1908,2009_Oct_w1,87465911,58.57142857142857
1909,2009_Oct_w2,105261988,63.81818181818182
1910,2009_Oct_w2,91892437,63.81818181818182
1911,2009_Oct_w3,124637638,64.3
1912,2009_Oct_w4,100949943,45.76923076923077
1913,2009_Oct_w5,77489382,46.714285714285715
1914,2009_Sep_w1,76384281,59.75
1915,2009_Sep_w1,96256938,59.75
1916,2009_Sep_w2,71451514,58.285714285714285
1917,2009_Sep_w3,83214524,55.875
1918,2009_Sep_w4,79376189,48.333333333333336
1919,2010_Apr_w1,166220519,52.111111111111114
1920,2010_Apr_w1,187711319,52.111111111111114
1921,2010_Apr_w2,117570469,55.0
1922,2010_Apr_w3,108077823,60.23076923076923
1923,2010_Apr_w4,85792705,60.785714285714285
1924,2010_Aug_w1,128821145,60.142857142857146
1925,2010_Aug_w2,117746775,56.44444444444444
1926,2010_Aug_w3,127804668,62.57142857142857
1927,2010_Aug_w4,102089078,60.55555555555556
1928,2010_Aug_w5,87206831,62.0
1929,2010_Dec_w1,75004741,69.54545454545455
1930,2010_Dec_w2,81560957,52.75
1931,2010_Dec_w3,124993526,39.333333333333336
1932,2010_Dec_w4,124133496,58.625
1933,2010_Dec_w5,137343062,77.25
1934,2010_Feb_w1,103970747,74.77777777777777
1935,2010_Feb_w2,94786281,57.2
1936,2010_Feb_w3,182998695,53.625
1937,2010_Feb_w3,213524058,53.625
1938,2010_Feb_w4,118472680,67.875
1939,2010_Jan_w1,204295752,78.33333333333333
1940,2010_Jan_w2,145045666,48.22222222222222
1941,2010_Jan_w3,148859116,53.0
1942,2010_Jan_w3,183162436,53.0
1943,2010_Jan_w4,120045516,46.0
1944,2010_Jul_w1,179066707,43.5
1945,2010_Jul_w1,238231616,43.5
1946,2010_Jul_w2,182442390,74.375
1947,2010_Jul_w3,169206774,65.33333333333333
1948,2010_Jul_w4,150757392,67.77777777777777
1949,2010_Jun_w1,143797811,49.6
1950,2010_Jun_w1,182383311,49.6
1951,2010_Jun_w2,120565073,73.9
1952,2010_Jun_w3,140451060,65.3076923076923
1953,2010_Jun_w4,187642041,62.0
1954,2010_Jun_w5,154390043,20.333333333333332
1955,2010_Mar_w1,104201694,32.0
1956,2010_Mar_w2,182536400,67.5
1957,2010_Mar_w3,129609144,46.25
1958,2010_Mar_w4,110799129,60.333333333333336
1959,2010_Mar_w5,113036610,21.0
1960,2010_May_w1,87924993,67.15384615384616
1961,2010_May_w2,167701822,53.625
1962,2010_May_w3,129275088,65.77777777777777
1963,2010_May_w4,141404309,52.142857142857146
1964,2010_Nov_w1,138136720,68.05882352941177
1965,2010_Nov_w2,107692567,62.857142857142854
1966,2010_Nov_w3,184491055,69.8
1967,2010_Nov_w4,167833958,59.42857142857143
1968,2010_Nov_w4,201819715,59.42857142857143
1969,2010_Nov_w4,242152785,59.42857142857143
1970,2010_Oct_w1,82543307,55.166666666666664
1971,2010_Oct_w2,76880100,67.6875
1972,2010_Oct_w2,87413887,67.6875
1973,2010_Oct_w3,117078913,60.0
1974,2010_Oct_w4,117205902,50.2
1975,2010_Oct_w5,82076962,64.1
1976,2010_Sep_w1,74512580,69.0
1977,2010_Sep_w1,93408796,69.0
1978,2010_Sep_w2,61707602,51.083333333333336
1979,2010_Sep_w3,84334484,61.25
1980,2010_Sep_w4,88901910,62.09090909090909
1981,2011_Apr_w1,98389397,65.85714285714286
1982,2011_Apr_w2,110573140,57.0
1983,2011_Apr_w3,114486342,67.0
1984,2011_Apr_w3,126821991,67.0
1985,2011_Apr_w4,140262298,62.61538461538461
1986,2011_Aug_w1,154610555,62.916666666666664
1987,2011_Aug_w2,134605986,61.5
1988,2011_Aug_w3,97303811,53.07692307692308
1989,2011_Aug_w4,69507839,59.0625
1990,2011_Aug_w5,76554062,60.5
1991,2011_Aug_w5,99407337,60.5
1992,2011_Dec_w1,63846449,64.77777777777777
1993,2011_Dec_w2,105970233,51.333333333333336
1994,2011_Dec_w3,110230829,64.63636363636364
1995,2011_Dec_w3,172035139,64.63636363636364
1996,2011_Dec_w4,134488475,66.5
1997,2011_Dec_w4,173320352,66.5
1998,2011_Feb_w1,68315090,29.0
1999,2011_Feb_w2,128358223,60.1
2000,2011_Feb_w3,125712044,48.333333333333336
2001,2011_Feb_w3,150746871,48.333333333333336
2002,2011_Feb_w4,92540158,64.14285714285714
2003,2011_Jan_w1,89402192,70.375
2004,2011_Jan_w2,107824706,52.5
2005,2011_Jan_w2,130346506,52.5
2006,2011_Jan_w3,83445232,67.57142857142857
2007,2011_Jan_w4,87300754,58.333333333333336
2008,2011_Jul_w1,140474359,67.625
2009,2011_Jul_w2,248568927,57.333333333333336
2010,2011_Jul_w3,179068823,58.30769230769231
2011,2011_Jul_w4,167881029,70.0
2012,2011_Jun_w1,152390551,61.11764705882353
2013,2011_Jun_w2,131188107,70.4
2014,2011_Jun_w3,145208661,55.333333333333336
2015,2011_Jun_w4,164865297,69.76923076923077
2016,2011_Jun_w5,186283764,56.0
2017,2011_Jun_w5,222359534,56.0
2018,2011_Mar_w1,114398546,58.357142857142854
2019,2011_Mar_w2,111935077,63.642857142857146
2020,2011_Mar_w3,98816142,70.0
2021,2011_Mar_w4,104688038,50.833333333333336
2022,2011_Mar_w5,110113006,93.0
2023,2011_May_w1,152646352,53.8421052631579
2024,2011_May_w2,126805764,60.8421052631579
2025,2011_May_w3,156858984,56.75
2026,2011_May_w4,213334314,74.25
2027,2011_May_w4,264689498,74.25
2028,2011_Nov_w1,124195132,58.666666666666664
2029,2011_Nov_w2,213090559,51.7
2030,2011_Nov_w3,148515080,69.2
2031,2011_Nov_w3,175056305,69.2
2032,2011_Nov_w3,207648272,69.2
2033,2011_Nov_w4,70515083,89.54545454545455
2034,2011_Oct_w1,80038160,65.35714285714286
2035,2011_Oct_w1,91007749,65.35714285714286
2036,2011_Oct_w2,72749806,50.15384615384615
2037,2011_Oct_w3,105208900,65.15
2038,2011_Oct_w4,90229806,54.15384615384615
2039,2011_Oct_w5,100619007,0.0
2040,2011_Sep_w1,60588164,43.714285714285715
2041,2011_Sep_w2,82870886,48.285714285714285
2042,2011_Sep_w3,103498944,55.06666666666667
2043,2011_Sep_w4,83299660,62.357142857142854
2044,2012_Apr_w1,115439622,63.76923076923077
2045,2012_Apr_w1,129893927,63.76923076923077
2046,2012_Apr_w2,104850744,51.7
2047,2012_Apr_w3,118940992,51.0
2048,2012_Apr_w4,91171173,61.22222222222222
2049,2012_Aug_w1,111448685,46.5
2050,2012_Aug_w2,129143882,55.4
2051,2012_Aug_w3,122759783,65.33333333333333
2052,2012_Aug_w4,75735631,54.875
2053,2012_Aug_w5,100987641,52.142857142857146
2054,2012_Aug_w5,78473593,52.142857142857146
2055,2012_Dec_w1,68367628,50.72222222222222
2056,2012_Dec_w2,126779394,59.333333333333336
2057,2012_Dec_w3,169697974,64.33333333333333
2058,2012_Dec_w3,96513334,64.33333333333333
2059,2012_Dec_w4,155214547,52.5
2060,2012_Dec_w4,237786853,52.5
2061,2012_Feb_w1,88088338,67.66666666666667
2062,2012_Feb_w2,168289222,64.85714285714286
2063,2012_Feb_w3,137926714,74.3
2064,2012_Feb_w3,164876415,74.3
2065,2012_Feb_w4,107371847,51.333333333333336
2066,2012_Jan_w1,120467366,58.333333333333336
2067,2012_Jan_w2,105673270,59.0
2068,2012_Jan_w2,128967569,59.0
2069,2012_Jan_w3,103050329,68.58333333333333
2070,2012_Jan_w4,91306608,41.375
2071,2012_Jul_w1,178335880,62.0
2072,2012_Jul_w2,150002519,61.583333333333336
2073,2012_Jul_w3,221423729,72.66666666666667
2074,2012_Jul_w4,124187763,65.73333333333333
2075,2012_Jun_w1,132181371,47.13333333333333
2076,2012_Jun_w2,171705112,60.916666666666664
2077,2012_Jun_w3,120646402,51.9
2078,2012_Jun_w4,152347191,63.6
2079,2012_Jun_w5,189645968,68.11111111111111
2080,2012_Mar_w1,145788328,66.41666666666667
2081,2012_Mar_w2,116009145,60.46666666666667
2082,2012_Mar_w3,93582069,58.4
2083,2012_Mar_w4,201664110,52.916666666666664
2084,2012_Mar_w5,138772071,45.833333333333336
2085,2012_May_w1,246662936,49.84615384615385
2086,2012_May_w2,159498783,61.3
2087,2012_May_w3,133932974,53.6875
2088,2012_May_w4,144354167,59.142857142857146
2089,2012_May_w4,182669246,59.142857142857146
2090,2012_Nov_w1,159539986,62.05555555555556
2091,2012_Nov_w2,240504453,62.357142857142854
2092,2012_Nov_w3,198595121,70.57142857142857
2093,2012_Nov_w3,235765617,70.57142857142857
2094,2012_Nov_w3,279039688,70.57142857142857
2095,2012_Nov_w4,100734688,60.0
2096,2012_Oct_w1,130018694,51.666666666666664
2097,2012_Oct_w1,147590739,51.666666666666664
2098,2012_Oct_w2,117244701,55.40909090909091
2099,2012_Oct_w3,115619564,57.05882352941177
2100,2012_Oct_w4,74831900,60.46666666666667
2101,2012_Oct_w5,118833677,94.0
2102,2012_Sep_w1,46747004,58.6
2103,2012_Sep_w2,64824244,62.25
2104,2012_Sep_w3,71888652,59.08695652173913
2105,2012_Sep_w4,102991094,69.72727272727273
2106,2013_Apr_w1,124827157,55.76470588235294
2107,2013_Apr_w2,104482953,61.76923076923077
2108,2013_Apr_w3,96489683,67.0
2109,2013_Apr_w4,78125503,58.857142857142854
2110,2013_Aug_w1,117938083,64.58333333333333
2111,2013_Aug_w2,137650749,68.5
2112,2013_Aug_w3,113572527,55.5
2113,2013_Aug_w4,83842081,64.875
2114,2013_Aug_w5,110020537,50.25
2115,2013_Aug_w5,84942972,50.25
2116,2013_Dec_w1,83941456,37.4
2117,2013_Dec_w2,138369003,62.2
2118,2013_Dec_w3,134837792,76.125
2119,2013_Dec_w4,167837974,53.42857142857143
2120,2013_Feb_w1,64959191,59.30769230769231
2121,2013_Feb_w2,82382252,48.76923076923077
2122,2013_Feb_w3,121272933,66.14285714285714
2123,2013_Feb_w3,143655294,66.14285714285714
2124,2013_Feb_w4,84217867,57.833333333333336
2125,2013_Jan_w1,116465689,55.857142857142854
2126,2013_Jan_w2,112186149,45.625
2127,2013_Jan_w3,107738398,74.54545454545455
2128,2013_Jan_w3,125704597,74.54545454545455
2129,2013_Jan_w4,81203152,52.9
2130,2013_Jul_w1,219263985,50.166666666666664
2131,2013_Jul_w2,183777279,61.23076923076923
2132,2013_Jul_w3,174305736,57.76470588235294
2133,2013_Jul_w4,151703400,58.84615384615385
2134,2013_Jun_w1,159570972,58.5
2135,2013_Jun_w2,141384924,72.5
2136,2013_Jun_w3,192954929,61.53846153846154
2137,2013_Jun_w4,228593120,62.76923076923077
2138,2013_Jun_w5,180411163,31.0
2139,2013_Mar_w1,87821690,60.421052631578945
2140,2013_Mar_w2,124576195,62.61538461538461
2141,2013_Mar_w3,92776114,54.30769230769231
2142,2013_Mar_w4,127241394,53.80952380952381
2143,2013_Mar_w5,137577314,58.5
2144,2013_Mar_w5,155717819,58.5
2145,2013_May_w1,208434380,58.666666666666664
2146,2013_May_w2,150642459,58.68421052631579
2147,2013_May_w3,146889482,63.1
2148,2013_May_w4,248032672,75.625
2149,2013_May_w4,305927990,75.625
2150,2013_Nov_w1,157930421,66.34782608695652
2151,2013_Nov_w2,115112784,59.61538461538461
2152,2013_Nov_w3,214593579,58.666666666666664
2153,2013_Nov_w4,189483142,68.05555555555556
2154,2013_Nov_w4,224232953,68.05555555555556
2155,2013_Nov_w4,268488814,68.05555555555556
2156,2013_Oct_w1,111457653,60.833333333333336
2157,2013_Oct_w2,103432837,52.388888888888886
2158,2013_Oct_w2,119207873,52.388888888888886
2159,2013_Oct_w3,90753518,54.666666666666664
2160,2013_Oct_w4,93288479,72.15384615384616
2161,2013_Oct_w5,115987099,62.0
2162,2013_Sep_w1,61672745,50.26315789473684
2163,2013_Sep_w2,86531368,65.46666666666667
2164,2013_Sep_w3,69831206,57.77777777777778
2165,2013_Sep_w4,91565449,67.3529411764706
2166,2014_Apr_w1,155800774,62.89473684210526
2167,2014_Apr_w2,131084472,64.27272727272727
2168,2014_Apr_w3,116260430,50.705882352941174
2169,2014_Apr_w3,128566271,50.705882352941174
2170,2014_Apr_w4,97473803,63.46153846153846
2171,2014_Aug_w1,167783615,58.285714285714285
2172,2014_Aug_w2,169712505,43.0
2173,2014_Aug_w3,124986010,60.421052631578945
2174,2014_Aug_w4,97178514,47.63157894736842
2175,2014_Aug_w5,107180218,53.4
2176,2014_Aug_w5,82775516,53.4
2177,2014_Dec_w1,68103918,61.8
2178,2014_Dec_w2,73808138,47.44444444444444
2179,2014_Dec_w3,122059385,67.63636363636364
2180,2014_Dec_w4,178499687,72.75
2181,2014_Feb_w1,65887288,56.705882352941174
2182,2014_Feb_w2,132710403,46.92307692307692
2183,2014_Feb_w3,155759468,53.81818181818182
2184,2014_Feb_w3,182141128,53.81818181818182
2185,2014_Feb_w4,94308705,49.666666666666664
2186,2014_Jan_w1,118936215,40.75
2187,2014_Jan_w2,112448084,57.75
2188,2014_Jan_w3,146864924,44.705882352941174
2189,2014_Jan_w3,177312805,44.705882352941174
2190,2014_Jan_w4,93470822,65.54545454545455
2191,2014_Jul_w1,115345546,51.6
2192,2014_Jul_w2,133801344,60.4
2193,2014_Jul_w3,130550571,43.72727272727273
2194,2014_Jul_w4,132017659,55.92857142857143
2195,2014_Jun_w1,157680341,70.55
2196,2014_Jun_w2,153810858,73.14285714285714
2197,2014_Jun_w3,177277722,62.92857142857143
2198,2014_Jun_w4,135785499,71.8125
2199,2014_Jun_w5,171037682,62.0
2200,2014_Mar_w1,104089480,63.0
2201,2014_Mar_w2,127539955,53.888888888888886
2202,2014_Mar_w3,98624322,64.38888888888889
2203,2014_Mar_w4,129583231,51.81818181818182
2204,2014_Mar_w5,124746109,62.0
2205,2014_May_w1,141515375,59.4
2206,2014_May_w2,123849070,57.13333333333333
2207,2014_May_w3,167395914,61.25
2208,2014_May_w4,175346822,59.9
2209,2014_May_w4,216734334,59.9
2210,2014_Nov_w1,142643895,58.05882352941177
2211,2014_Nov_w2,125728488,58.142857142857146
2212,2014_Nov_w3,184467355,58.083333333333336
2213,2014_Nov_w4,151851533,72.125
2214,2014_Nov_w4,179114437,72.125
2215,2014_Nov_w4,214781730,72.125
2216,2014_Oct_w1,136249161,59.5
2217,2014_Oct_w2,131383392,51.38095238095238
2218,2014_Oct_w2,150009908,51.38095238095238
2219,2014_Oct_w3,115233422,75.10526315789474
2220,2014_Oct_w4,97071579,62.642857142857146
2221,2014_Oct_w5,74843496,58.69230769230769
2222,2014_Sep_w1,48083368,61.0625
2223,2014_Sep_w2,73297493,63.64705882352941
2224,2014_Sep_w3,90003667,55.72727272727273
2225,2014_Sep_w4,95966661,53.46666666666667
2226,2015_Apr_w1,216669859,53.9
2227,2015_Apr_w1,240859409,53.9
2228,2015_Apr_w2,123487605,61.285714285714285
2229,2015_Apr_w3,108634824,50.06666666666667
2230,2015_Apr_w4,80145066,50.4375
2231,2015_Aug_w1,136167805,64.23076923076923
2232,2015_Aug_w2,113252833,57.529411764705884
2233,2015_Aug_w3,129704209,57.75
2234,2015_Aug_w4,85356247,62.22222222222222
2235,2015_Aug_w5,63160916,62.0
2236,2015_Dec_w1,86761557,61.63157894736842
2237,2015_Dec_w2,66695452,56.57142857142857
2238,2015_Dec_w3,302697164,63.54545454545455
2239,2015_Dec_w4,273024546,60.714285714285715
2240,2015_Feb_w1,80089127,47.357142857142854
2241,2015_Feb_w2,132753774,60.7
2242,2015_Feb_w3,196187392,69.75
2243,2015_Feb_w3,226114046,69.75
2244,2015_Feb_w4,103802091,58.0
2245,2015_Jan_w1,125851864,54.0
2246,2015_Jan_w2,104708370,56.583333333333336
2247,2015_Jan_w3,178963570,55.0
2248,2015_Jan_w3,220660699,55.0
2249,2015_Jan_w4,136480820,57.95
2250,2015_Jul_w1,127004488,63.666666666666664
2251,2015_Jul_w2,202943834,61.5
2252,2015_Jul_w3,178494977,59.92307692307692
2253,2015_Jul_w4,138254037,51.09090909090909
2254,2015_Jun_w1,131136807,49.214285714285715
2255,2015_Jun_w2,122790825,67.0
2256,2015_Jun_w3,266035144,68.75
2257,2015_Jun_w4,238740396,61.94117647058823
2258,2015_Jun_w5,174073731,62.0
2259,2015_Mar_w1,89378196,57.733333333333334
2260,2015_Mar_w2,72251925,52.84615384615385
2261,2015_Mar_w3,115580190,50.05882352941177
2262,2015_Mar_w4,117323618,60.470588235294116
2263,2015_Mar_w5,139905374,62.0
2264,2015_May_w1,223967813,60.0
2265,2015_May_w2,119640318,56.8
2266,2015_May_w3,175540242,66.6875
2267,2015_May_w4,144619728,60.111111111111114
2268,2015_May_w4,182887788,60.111111111111114
2269,2015_Nov_w1,148792362,74.71428571428571
2270,2015_Nov_w2,93635619,56.3
2271,2015_Nov_w3,163255301,67.75
2272,2015_Nov_w4,167805985,70.375
2273,2015_Nov_w4,199324369,70.375
2274,2015_Nov_w4,238078648,70.375
2275,2015_Oct_w1,139834346,63.9375
2276,2015_Oct_w2,106804689,64.4
2277,2015_Oct_w2,122246820,64.4
2278,2015_Oct_w3,108805935,74.86666666666666
2279,2015_Oct_w4,89803867,49.09090909090909
2280,2015_Oct_w5,58434174,44.0
2281,2015_Sep_w1,60032495,65.3076923076923
2282,2015_Sep_w1,78105044,65.3076923076923
2283,2015_Sep_w2,81621359,65.41666666666667
2284,2015_Sep_w3,96138932,65.36363636363636
2285,2015_Sep_w4,125667878,59.75
2286,2016_Apr_w1,118559272,54.92307692307692
2287,2016_Apr_w2,91145188,71.17647058823529
2288,2016_Apr_w3,165029225,66.75
2289,2016_Apr_w4,117626464,58.63636363636363
2290,2016_Aug_w1,174855310,52.357142857142854
2291,2016_Aug_w2,217747182,69.36363636363636
2292,2016_Aug_w3,153823583,54.0
2293,2016_Aug_w4,112417199,63.0
2294,2016_Aug_w5,91226565,71.0
2295,2016_Dec_w1,83749622,50.3
2296,2016_Dec_w2,71566771,58.88235294117647
2297,2016_Dec_w3,203485726,55.0
2298,2016_Dec_w4,165020197,81.6
2299,2016_Dec_w4,250611546,81.6
2300,2016_Dec_w5,166381697,83.0
2301,2016_Dec_w5,220396876,83.0
2302,2016_Feb_w1,118353833,46.1
2303,2016_Feb_w2,75395999,63.5
2304,2016_Feb_w3,215810637,70.0
2305,2016_Feb_w3,250977099,70.0
2306,2016_Feb_w4,121119706,52.625
2307,2016_Jan_w1,198537624,77.0
2308,2016_Jan_w2,142912699,43.111111111111114
2309,2016_Jan_w3,145502232,41.9
2310,2016_Jan_w3,175297289,41.9
2311,2016_Jan_w4,95736903,44.09090909090909
2312,2016_Jul_w1,179579258,60.5
2313,2016_Jul_w1,218013006,60.5
2314,2016_Jul_w2,205989677,58.083333333333336
2315,2016_Jul_w3,151409743,48.875
2316,2016_Jul_w4,178420955,67.25
2317,2016_Jun_w1,157294653,54.76923076923077
2318,2016_Jun_w1,196994624,54.76923076923077
2319,2016_Jun_w2,123684021,52.0
2320,2016_Jun_w3,139567249,71.64285714285714
2321,2016_Jun_w4,223184760,60.1764705882353
2322,2016_Jun_w5,177111633,75.0
2323,2016_Mar_w1,91278176,71.92857142857143
2324,2016_Mar_w2,142568989,58.214285714285715
2325,2016_Mar_w3,118186835,63.0
2326,2016_Mar_w4,115774645,55.81818181818182
2327,2016_Mar_w5,243491430,64.0
2328,2016_Mar_w5,270066590,64.0
2329,2016_May_w1,96937478,64.36363636363636
2330,2016_May_w2,232395976,52.8125
2331,2016_May_w3,123025320,64.5
2332,2016_May_w4,128324753,66.2
2333,2016_Nov_w1,180664140,65.7
2334,2016_Nov_w2,145898093,67.13333333333334
2335,2016_Nov_w3,146558755,74.42857142857143
2336,2016_Nov_w4,170608751,77.2
2337,2016_Nov_w4,202563369,77.2
2338,2016_Nov_w4,243739138,77.2
2339,2016_Oct_w1,102190772,63.92857142857143
2340,2016_Oct_w2,106770187,62.8125
2341,2016_Oct_w2,93110131,62.8125
2342,2016_Oct_w3,84988876,55.333333333333336
2343,2016_Oct_w4,109125994,55.22222222222222
2344,2016_Oct_w5,74204699,75.0
2345,2016_Sep_w1,66887892,39.3
2346,2016_Sep_w1,85743900,39.3
2347,2016_Sep_w2,80346710,62.142857142857146
2348,2016_Sep_w3,71090385,56.266666666666666
2349,2016_Sep_w4,92840344,70.93333333333334
2350,2017_Apr_w1,106287914,58.23529411764706
2351,2017_Apr_w2,155863273,70.66666666666667
2352,2017_Apr_w2,173236946,70.66666666666667
2353,2017_Apr_w3,90926040,60.142857142857146
2354,2017_Apr_w4,80793191,56.583333333333336
2355,2017_Aug_w1,105440174,60.785714285714285
2356,2017_Aug_w2,95249031,56.125
2357,2017_Aug_w3,75677045,65.83333333333333
2358,2017_Aug_w4,46116140,68.0
2359,2017_Aug_w5,48865218,62.0
2360,2017_Aug_w5,61708167,62.0
2361,2017_Dec_w1,70644026,44.36363636363637
2362,2017_Dec_w2,267186366,50.285714285714285
2363,2017_Dec_w3,164303262,72.5
2364,2017_Dec_w3,236559567,72.5
2365,2017_Dec_w4,173344651,51.2
2366,2017_Dec_w4,226045913,51.2
2367,2017_Feb_w1,75662315,48.15384615384615
2368,2017_Feb_w2,171094497,64.07142857142857
2369,2017_Feb_w3,128860229,62.0
2370,2017_Feb_w3,155796460,62.0
2371,2017_Feb_w4,103860378,64.75
2372,2017_Jan_w1,120491633,55.857142857142854
2373,2017_Jan_w2,119057524,51.86666666666667
2374,2017_Jan_w2,147714852,51.86666666666667
2375,2017_Jan_w3,120214041,71.16666666666667
2376,2017_Jan_w4,111650133,60.44444444444444
2377,2017_Jul_w1,198323345,80.0
2378,2017_Jul_w2,156068438,72.0
2379,2017_Jul_w3,172931486,65.3
2380,2017_Jul_w4,134073732,60.09090909090909
2381,2017_Jun_w1,179022383,69.21428571428571
2382,2017_Jun_w2,137307539,64.33333333333333
2383,2017_Jun_w3,178932468,52.9375
2384,2017_Jun_w4,130023273,77.5
2385,2017_Jun_w5,157207541,50.25
2386,2017_Jun_w5,221241108,50.25
2387,2017_Mar_w1,168014995,54.083333333333336
2388,2017_Mar_w2,149362845,70.88888888888889
2389,2017_Mar_w3,252225276,73.81818181818181
2390,2017_Mar_w4,192647503,53.333333333333336
2391,2017_Mar_w5,161650523,63.44444444444444
2392,2017_May_w1,184356127,72.4
2393,2017_May_w2,124517741,60.125
2394,2017_May_w3,115331687,72.11111111111111
2395,2017_May_w4,133992099,43.44444444444444
2396,2017_May_w4,169805597,43.44444444444444
2397,2017_Nov_w1,137873693,75.15384615384616
2398,2017_Nov_w2,192816366,70.7
2399,2017_Nov_w3,178495539,70.57142857142857
2400,2017_Nov_w3,212423997,70.57142857142857
2401,2017_Nov_w3,255508291,70.57142857142857
2402,2017_Nov_w4,96708952,85.2
2403,2017_Oct_w1,112153933,71.71428571428571
2404,2017_Oct_w1,97001069,71.71428571428571
2405,2017_Oct_w2,88765700,73.65
2406,2017_Oct_w3,76408192,63.76470588235294
2407,2017_Oct_w4,57899380,63.266666666666666
2408,2017_Oct_w5,164643982,62.0
2409,2017_Sep_w1,153028668,42.46153846153846
2410,2017_Sep_w2,101574131,51.06666666666667
2411,2017_Sep_w3,108472634,63.6
2412,2017_Sep_w4,80260428,57.857142857142854
2413,2018_Apr_w1,140865614,73.5
2414,2018_Apr_w2,131792250,59.705882352941174
2415,2018_Apr_w3,106600851,66.0
2416,2018_Apr_w4,303012371,54.69230769230769
2417,2018_Aug_w1,119739621,67.75
2418,2018_Aug_w2,126978553,66.0
2419,2018_Aug_w3,110718157,63.0
2420,2018_Aug_w4,84558009,42.8
2421,2018_Aug_w5,73798836,57.0
2422,2018_Aug_w5,96296736,57.0
2423,2018_Dec_w1,73877715,63.357142857142854
2424,2018_Dec_w2,101640559,63.30769230769231
2425,2018_Dec_w3,163297800,45.0
2426,2018_Dec_w3,260363074,45.0
2427,2018_Dec_w4,165718403,49.333333333333336
2428,2018_Dec_w4,254547234,49.333333333333336
2429,2018_Feb_w1,65718354,41.875
2430,2018_Feb_w2,113834248,55.2
2431,2018_Feb_w3,267360455,60.916666666666664
2432,2018_Feb_w3,323004490,60.916666666666664
2433,2018_Feb_w4,177068935,55.333333333333336
2434,2018_Jan_w1,144171701,46.77777777777778
2435,2018_Jan_w2,129325213,65.91666666666667
2436,2018_Jan_w2,158634790,65.91666666666667
2437,2018_Jan_w3,104176178,55.86666666666667
2438,2018_Jan_w4,102483376,57.2
2439,2018_Jul_w1,176800250,65.4
2440,2018_Jul_w2,154037869,58.36363636363637
2441,2018_Jul_w3,157376958,71.4
2442,2018_Jul_w4,143331278,71.81818181818181
2443,2018_Jun_w1,97051566,49.7
2444,2018_Jun_w2,109660193,66.54545454545455
2445,2018_Jun_w3,258481930,76.45454545454545
2446,2018_Jun_w4,269388336,52.55555555555556
2447,2018_Jun_w5,167201140,63.6
2448,2018_Mar_w1,134280505,65.88888888888889
2449,2018_Mar_w2,123134923,62.61538461538461
2450,2018_Mar_w3,118810762,54.05882352941177
2451,2018_Mar_w4,108669222,54.25
2452,2018_Mar_w5,115250516,60.125
2453,2018_Mar_w5,130872272,60.125
2454,2018_May_w1,158985116,66.63636363636364
2455,2018_May_w2,126696435,60.3
2456,2018_May_w3,200438167,61.45454545454545
2457,2018_May_w4,175038242,38.125
2458,2018_May_w4,218126709,38.125
2459,2018_Nov_w1,152580543,75.35
2460,2018_Nov_w2,161437498,62.5625
2461,2018_Nov_w3,203836618,67.7
2462,2018_Nov_w3,243903928,67.7
2463,2018_Nov_w3,298630062,67.7
2464,2018_Nov_w4,106190738,89.6
2465,2018_Oct_w1,168979851,69.63636363636364
2466,2018_Oct_w1,193103101,69.63636363636364
2467,2018_Oct_w2,126136778,68.1
2468,2018_Oct_w3,155990869,73.11111111111111
2469,2018_Oct_w4,90992092,68.7
2470,2018_Oct_w5,129384786,62.0
2471,2018_Sep_w1,106333196,62.4
2472,2018_Sep_w2,94001600,62.04
2473,2018_Sep_w3,78315568,69.15384615384616
2474,2018_Sep_w4,92141186,58.46666666666667
2475,2019_Apr_w1,137908217,71.2
2476,2019_Apr_w2,100437182,59.15384615384615
2477,2019_Apr_w3,106099675,58.7
2478,2019_Apr_w3,95279443,58.7
2479,2019_Apr_w4,396469872,77.0
2480,2019_Aug_w1,143893312,59.53846153846154
2481,2019_Aug_w2,121235199,69.625
2482,2019_Aug_w3,101857634,74.92307692307692
2483,2019_Aug_w4,87899112,48.888888888888886
2484,2019_Aug_w5,63928598,62.44444444444444
2485,2019_Aug_w5,84263777,62.44444444444444
2486,2019_Dec_w1,79725257,66.0
2487,2019_Dec_w2,110431501,54.76923076923077
2488,2019_Dec_w3,243217105,51.75
2489,2019_Dec_w4,186795018,77.4
2490,2019_Feb_w1,52087190,67.91666666666667
2491,2019_Feb_w2,95027517,57.36842105263158
2492,2019_Feb_w3,105197571,67.0
2493,2019_Feb_w3,126415385,67.0
2494,2019_Feb_w4,110669509,74.33333333333333
2495,2019_Jan_w1,119007739,58.166666666666664
2496,2019_Jan_w2,96775974,55.583333333333336
2497,2019_Jan_w3,109523159,66.2
2498,2019_Jan_w3,134433589,66.2
2499,2019_Jan_w4,73819238,63.142857142857146
2500,2019_Jul_w1,174209668,68.6
2501,2019_Jul_w2,114124922,58.6
2502,2019_Jul_w3,253574574,47.25
2503,2019_Jul_w4,155622904,60.833333333333336
2504,2019_Jun_w1,167597113,61.75
2505,2019_Jun_w2,158327825,54.63636363636363
2506,2019_Jun_w3,123601448,75.36363636363636
2507,2019_Jun_w4,189899923,53.5
2508,2019_Jun_w5,138825078,62.0
2509,2019_Mar_w1,94364496,67.06666666666666
2510,2019_Mar_w2,198063125,72.2
2511,2019_Mar_w3,126418468,59.42857142857143
2512,2019_Mar_w4,139284316,65.57142857142857
2513,2019_Mar_w5,129484146,65.35714285714286
2514,2019_May_w1,193910218,59.6
2515,2019_May_w2,160271263,54.0
2516,2019_May_w3,139901024,50.0
2517,2019_May_w4,173109025,68.6923076923077
2518,2019_May_w4,220383863,68.6923076923077
2519,2019_Nov_w1,100490654,70.81818181818181
2520,2019_Nov_w2,89599064,64.33333333333333
2521,2019_Nov_w3,190145821,74.8
2522,2019_Nov_w4,167269352,72.16666666666667
2523,2019_Nov_w4,200267197,72.16666666666667
2524,2019_Nov_w4,243818963,72.16666666666667
2525,2019_Oct_w1,142713298,63.2
2526,2019_Oct_w2,132906213,51.2
2527,2019_Oct_w2,152832766,51.2
2528,2019_Oct_w3,129825817,72.08333333333333
2529,2019_Oct_w4,91497737,47.1
2530,2019_Oct_w5,99329393,62.0
2531,2019_Sep_w1,123496912,59.714285714285715
2532,2019_Sep_w2,97031904,68.15384615384616
2533,2019_Sep_w3,113373910,64.06666666666666
2534,2019_Sep_w4,83354126,60.81818181818182
2535,2020_Apr_w1,4097,69.5
2536,2020_Apr_w2,14612,80.6
2537,2020_Apr_w2,3675,80.6
2538,2020_Apr_w3,5245,57.875
2539,2020_Apr_w4,12062,82.5
2540,2020_Aug_w1,1012992,53.714285714285715
2541,2020_Aug_w2,1186003,55.5
2542,2020_Aug_w3,1958968,58.1
2543,2020_Aug_w4,6409085,73.8
2544,2020_Aug_w5,14201687,62.0
2545,2020_Dec_w1,7435065,62.0
2546,2020_Dec_w2,5596422,62.0
2547,2020_Dec_w3,6729235,62.0
2548,2020_Dec_w4,23780363,62.0
2549,2020_Feb_w1,64549859,74.28571428571429
2550,2020_Feb_w2,81131843,64.61111111111111
2551,2020_Feb_w3,140013866,60.09090909090909
2552,2020_Feb_w3,163923226,60.09090909090909
2553,2020_Feb_w4,86611757,77.0
2554,2020_Jan_w1,131220088,20.0
2555,2020_Jan_w2,117434941,58.0
2556,2020_Jan_w3,148594253,48.285714285714285
2557,2020_Jan_w3,182673454,48.285714285714285
2558,2020_Jan_w4,105175642,54.5
2559,2020_Jul_w1,877966,76.14285714285714
2560,2020_Jul_w2,2532674,63.0
2561,2020_Jul_w3,2115079,59.5
2562,2020_Jul_w4,675043,75.66666666666667
2563,2020_Jun_w1,204881,72.0
2564,2020_Jun_w2,421572,61.857142857142854
2565,2020_Jun_w3,522105,72.8
2566,2020_Jun_w4,1496203,54.5
2567,2020_Jun_w5,290744,40.666666666666664
2568,2020_Mar_w1,83485776,70.45454545454545
2569,2020_Mar_w2,90403859,64.54545454545455
2570,2020_Mar_w3,49580363,77.66666666666667
2571,2020_Mar_w4,4160,79.22222222222223
2572,2020_Mar_w5,3758,62.0
2573,2020_May_w1,92387,63.0
2574,2020_May_w2,86428,65.75
2575,2020_May_w3,130583,41.0
2576,2020_May_w4,220573,91.5
2577,2020_May_w4,240390,91.5
2578,2020_Nov_w1,10713492,62.0
2579,2020_Nov_w2,10333176,62.0
2580,2020_Nov_w3,5383632,62.0
2581,2020_Nov_w4,13230347,62.0
2582,2020_Nov_w4,16639253,62.0
2583,2020_Nov_w4,19086132,62.0
2584,2020_Oct_w1,8095048,62.0
2585,2020_Oct_w2,10436872,62.0
2586,2020_Oct_w2,9528676,62.0
2587,2020_Oct_w3,12070817,62.0
2588,2020_Oct_w4,9478057,62.0
2589,2020_Oct_w5,8721044,62.0
2590,2020_Sep_w1,16098628,84.4
2591,2020_Sep_w1,19765372,84.4
2592,2020_Sep_w2,12372594,65.0
2593,2020_Sep_w3,10757062,94.0
2594,2020_Sep_w4,8534687,90.0
2595,2021_Apr_w1,42925292,62.0
2596,2021_Apr_w1,46642922,62.0
2597,2021_Apr_w2,25237445,62.0
2598,2021_Apr_w3,18019423,62.0
2599,2021_Apr_w4,55672089,62.0
2600,2021_Aug_w1,74999440,62.0
2601,2021_Aug_w2,62114018,62.0
2602,2021_Aug_w3,72234401,62.0
2603,2021_Aug_w4,59076598,62.0
2604,2021_Aug_w5,57594823,62.0
2605,2021_Dec_w1,47539355,62.0
2606,2021_Dec_w2,40765448,62.0
2607,2021_Dec_w3,281737588,62.0
2608,2021_Dec_w4,139868872,62.0
2609,2021_Dec_w5,95723075,62.0
2610,2021_Feb_w1,11080199,62.0
2611,2021_Feb_w2,7293328,62.0
2612,2021_Feb_w3,10659782,62.0
2613,2021_Feb_w3,12006490,62.0
2614,2021_Feb_w4,7315322,62.0
2615,2021_Jan_w1,12584769,62.0
2616,2021_Jan_w2,8867268,62.0
2617,2021_Jan_w3,10578393,62.0
2618,2021_Jan_w3,12497047,62.0
2619,2021_Jan_w4,8331573,62.0
2620,2021_Jul_w1,66885523,62.0
2621,2021_Jul_w1,84462080,62.0
2622,2021_Jul_w2,117534978,62.0
2623,2021_Jul_w3,88585434,62.0
2624,2021_Jul_w4,67081731,62.0
2625,2021_Jun_w1,79110516,62.0
2626,2021_Jun_w1,96144349,62.0
2627,2021_Jun_w2,65153180,62.0
2628,2021_Jun_w3,55654996,62.0
2629,2021_Jun_w4,44120211,62.0
2630,2021_Jun_w5,97117531,62.0
2631,2021_Mar_w1,19718662,62.0
2632,2021_Mar_w2,22852467,62.0
2633,2021_Mar_w3,15568060,62.0
2634,2021_Mar_w4,15460315,62.0
2635,2021_Mar_w5,17375273,62.0
2636,2021_May_w1,22632435,62.0
2637,2021_May_w2,21458636,62.0
2638,2021_May_w3,23977615,62.0
2639,2021_May_w4,17211825,62.0
2640,2021_Nov_w1,103960166,62.0
2641,2021_Nov_w2,65852727,62.0
2642,2021_Nov_w3,80359448,62.0
2643,2021_Nov_w4,112542037,62.0
2644,2021_Nov_w4,137256716,62.0
2645,2021_Nov_w4,92724526,62.0
2646,2021_Oct_w1,126019090,62.0
2647,2021_Oct_w2,107172846,62.0
2648,2021_Oct_w2,121111244,62.0
2649,2021_Oct_w3,107208512,62.0
2650,2021_Oct_w4,94686103,62.0
2651,2021_Oct_w5,61792453,62.0
2652,2021_Sep_w1,108338758,62.0
2653,2021_Sep_w1,136008971,62.0
2654,2021_Sep_w2,58513420,62.0
2655,2021_Sep_w3,44862382,62.0
2656,2021_Sep_w4,35828704,62.0
2657,2022_Apr_w1,117176203,62.0
2658,2022_Apr_w2,105898267,62.0
2659,2022_Apr_w2,118286160,62.0
2660,2022_Apr_w3,90218714,62.0
2661,2022_Apr_w4,62512297,62.0
2662,2022_Aug_w1,88004513,62.0
2663,2022_Aug_w2,55432709,62.0
2664,2022_Aug_w3,69281199,62.0
2665,2022_Aug_w4,41408038,62.0
2666,2022_Aug_w5,42395247,62.0
2667,2022_Aug_w5,54205807,62.0
2668,2022_Dec_w1,33258801,62.0
2669,2022_Dec_w2,151354815,62.0
2670,2022_Dec_w3,141716017,62.0
2671,2022_Dec_w3,93952740,62.0
2672,2022_Dec_w4,102074088,62.0
2673,2022_Dec_w4,134622744,62.0
2674,2022_Feb_w1,55860817,62.0
2675,2022_Feb_w2,50371632,62.0
2676,2022_Feb_w3,106169516,62.0
2677,2022_Feb_w3,90159064,62.0
2678,2022_Feb_w4,55006939,62.0
2679,2022_Jan_w1,60318053,62.0
2680,2022_Jan_w2,68339319,62.0
2681,2022_Jan_w2,81219405,62.0
2682,2022_Jan_w3,42161017,62.0
2683,2022_Jan_w4,30794469,62.0
2684,2022_Jul_w1,237265821,62.0
2685,2022_Jul_w2,131231157,62.0
2686,2022_Jul_w3,124080435,62.0
2687,2022_Jul_w4,93856999,62.0
2688,2022_Jun_w1,118392908,62.0
2689,2022_Jun_w2,212413470,62.0
2690,2022_Jun_w3,163242107,62.0
2691,2022_Jun_w4,133333162,62.0
2692,2022_Jun_w5,188498988,62.0
2693,2022_Jun_w5,221928586,62.0
2694,2022_Mar_w1,163405808,62.0
2695,2022_Mar_w2,99316599,62.0
2696,2022_Mar_w3,80060996,62.0
2697,2022_Mar_w4,78479529,62.0
2698,2022_Mar_w5,80235023,62.0
2699,2022_May_w1,220282059,62.0
2700,2022_May_w2,89049541,62.0
2701,2022_May_w3,71518782,62.0
2702,2022_May_w4,174602102,62.0
2703,2022_May_w4,220038783,62.0
2704,2022_Nov_w1,206857668,62.0
2705,2022_Nov_w2,98996721,62.0
2706,2022_Nov_w3,106837323,62.0
2707,2022_Nov_w3,128658959,62.0
2708,2022_Nov_w3,89735916,62.0
2709,2022_Nov_w4,49166499,62.0
2710,2022_Oct_w1,53759907,62.0
2711,2022_Oct_w1,61664865,62.0
2712,2022_Oct_w2,72697268,62.0
2713,2022_Oct_w3,110164317,62.0
2714,2022_Oct_w4,63565774,62.0
2715,2022_Oct_w5,53888688,62.0
2716,2022_Sep_w1,33945638,62.0
2717,2022_Sep_w2,43050766,62.0
2718,2022_Sep_w3,55769690,62.0
2719,2022_Sep_w4,56765793,62.0
2720,2023_Apr_w1,200889479,62.0
2721,2023_Apr_w1,227308761,62.0
2722,2023_Apr_w2,142633921,62.0
2723,2023_Apr_w3,118529087,62.0
2724,2023_Apr_w4,88589524,62.0
2725,2023_Aug_w1,172767141,62.0
2726,2023_Aug_w2,108489585,62.0
2727,2023_Aug_w3,91834103,62.0
2728,2023_Aug_w4,78022576,62.0
2729,2023_Aug_w5,101367979,62.0
2730,2023_Aug_w5,79244392,62.0
2731,2023_Feb_w1,72172820,62.0
2732,2023_Feb_w2,47814469,62.0
2733,2023_Feb_w3,138728599,62.0
2734,2023_Feb_w3,159948829,62.0
2735,2023_Feb_w4,88586462,62.0
2736,2023_Jan_w1,104267030,62.0
2737,2023_Jan_w2,119958973,62.0
2738,2023_Jan_w2,98902358,62.0
2739,2023_Jan_w3,70766896,62.0
2740,2023_Jan_w4,62261869,62.0
2741,2023_Jul_w1,121030650,62.0
2742,2023_Jul_w2,134207030,62.0
2743,2023_Jul_w3,307805201,62.0
2744,2023_Jul_w4,209751460,62.0
2745,2023_Jun_w1,203338486,62.0
2746,2023_Jun_w2,163527157,62.0
2747,2023_Jun_w3,161297087,62.0
2748,2023_Jun_w4,106020773,62.0
2749,2023_Jun_w5,122142874,62.0
2750,2023_Jun_w5,184963868,62.0
2751,2023_Mar_w1,112469994,62.0
2752,2023_Mar_w2,113369708,62.0
2753,2023_Mar_w3,87087315,62.0
2754,2023_Mar_w4,112191657,62.0
2755,2023_Mar_w5,91814122,62.0
2756,2023_May_w1,156015546,62.0
2757,2023_May_w2,95148648,62.0
2758,2023_May_w3,118739905,62.0
2759,2023_May_w4,160808155,62.0
2760,2023_May_w4,200810396,62.0
2761,2023_Oct_w1,73938997,62.0
2762,2023_Oct_w4,73938997,62.0
2763,2023_Sep_w1,81687685,62.0
2764,2023_Sep_w2,56042286,62.0
2765,2023_Sep_w3,42349485,62.0
2766,2023_Sep_w4,73938997,62.0
