,top10_gross,top_release,budget
2703,7000644.0,Star Wars: Episode IV - A New Hope,11000000.0
2683,10102221.0,Close Encounters of the Third Kind,20000000.0
2709,16358821.0,The Deep,9000000.0
383,18807740.0,Jaws 2,20000000.0
393,2671060.0,Saturday Night Fever,3500000.0
384,3880880.0,Damien: Omen II,6800000.0
372,626649.0,The Lord of the Rings,93000000.0
367,10363384.0,Superman,55000000.0
368,16808078.0,Every Which Way But Loose,5000000.0
369,1652926.0,Invasion of the Body Snatchers,3500000.0
407,393452.0,Alien,11000000.0
406,3812974.0,10,7000000.0
399,11926421.0,Star Trek: The Motion Picture,35000000.0
429,485734.0,Manhattan,9000000.0
432,18709.0,La Cage aux Folles,1100000.0
435,262778.0,Norma Rae,4500000.0
439,3529675.0,The Warriors,4000000.0
440,391942.0,The Great Train Robbery,150.0
422,10153660.0,Rocky II,7000000.0
420,11745651.0,Moonraker,34000000.0
417,5675034.0,Dracula,355000.0
395,1781164.0,Going in Style,25000000.0
1001,14173929.0,Star Wars: Episode V - The Empire Strikes Back,18000000.0
997,15268817.0,Smokey and the Bandit II,17000000.0
995,1856849.0,Battle Creek Brawl,6000000.0
993,170335.0,Ordinary People,6000000.0
989,4739769.0,Private Benjamin,15000000.0
988,2934957.0,Motel Hell,3000000.0
987,2728520.0,The Awakening,4798235.0
985,112663.0,Raging Bull,18000000.0
983,4103412.0,Flash Gordon,35000000.0
982,15074258.0,Stir Crazy,10000000.0
981,13483950.0,Any Which Way You Can,15000000.0
1026,3559930.0,American Gigolo,5000000.0
1021,3366443.0,Coal Miner's Daughter,15000000.0
1018,1745228.0,When Time Ran Out...,20000000.0
1006,15065520.0,Bronco Billy,6500000.0
1012,9381387.0,Friday the 13th,550000.0
1011,2469272.0,The Long Riders,10000000.0
841,7388421.0,Friday the 13th Part 2,1250000.0
834,33885048.0,Superman II,54000000.0
835,13098554.0,Raiders of the Lost Ark,18000000.0
838,16993634.0,Bustin' Loose,11000000.0
842,682415.0,The Hand,6500000.0
847,5571675.0,The Final Conflict,5000000.0
845,7474212.0,Excalibur,11000000.0
846,546724.0,Eyes of a Stranger,800000.0
851,439564.0,Sphinx,14000000.0
829,3037911.0,Wolfen,17000000.0
806,86874.0,On Golden Pond,15000000.0
807,17909299.0,Neighbors,18000000.0
809,2414242.0,Reds,35000000.0
813,7446508.0,Halloween II,2500000.0
812,6507356.0,Time Bandits,5000000.0
828,2297493.0,Under the Rainbow,20000000.0
824,564593.0,Body Heat,9000000.0
825,4790648.0,An American Werewolf in London,10000000.0
819,68907.0,Chariots of Fire,5500000.0
663,20094565.0,Porky's,4000000.0
658,12431486.0,Rocky III,17000000.0
660,24325331.0,Conan the Barbarian,90000000.0
657,46878862.0,Star Trek II: The Wrath of Khan,12000000.0
656,48105800.0,E.T. the Extra-Terrestrial,10500000.0
675,416243.0,One from the Heart,26000000.0
680,19190484.0,Absence of Malice,12000000.0
682,21136048.0,Sharky's Machine,17500000.0
625,22180755.0,The Toy,28000000.0
649,42819113.0,The Best Little Whorehouse in Texas,35000000.0
646,43102545.0,Friday the 13th Part III,4000000.0
643,34020756.0,An Officer and a Gentleman,7500000.0
639,21068215.0,Amityville II: The Possession,5000000.0
634,27432622.0,First Blood,15000000.0
624,32533797.0,Tootsie,21000000.0
631,21459266.0,Creepshow,8000000.0
712,52212400.0,Jaws 3-D,20500000.0
711,46706373.0,National Lampoon's Vacation,15000000.0
684,46357139.0,Terms of Endearment,8000000.0
685,29670592.0,Sudden Impact,22000000.0
690,21572343.0,A Christmas Story,3300000.0
694,19652567.0,The Big Chill,8000000.0
696,20680355.0,Never Say Never Again,36000000.0
713,46444121.0,Staying Alive,22000000.0
714,35909621.0,Star Wars: Episode VI - Return of the Jedi,32350000.0
728,25334233.0,Lone Wolf McQuade,5000000.0
727,21261441.0,Flashdance,7000000.0
724,26395501.0,Blue Thunder,22000000.0
723,29421812.0,Spacehunter: Adventures in the Forbidden Zone,15000000.0
718,52440710.0,Superman III,39000000.0
0,72719625.0,Beverly Hills Cop,14000000.0
33,56928034.0,Ghostbusters,144000000.0
37,25337110.0,Indiana Jones and the Temple of Doom,28000000.0
39,27159110.0,The Natural,28000000.0
41,30820958.0,Breakin',1200000.0
42,27221455.0,Police Academy,4500000.0
45,42836109.0,Friday the 13th: The Final Chapter,2600000.0
49,29973675.0,Splash,8000000.0
51,24232435.0,Footloose,8200000.0
57,21693487.0,Silkwood,10000000.0
36,50208004.0,Star Trek III: The Search for Spock,18000000.0
6,19313112.0,Missing in Action,2550000.0
7,30715157.0,Supergirl,35000000.0
12,21415987.0,The Terminator,6400000.0
28,42854166.0,Purple Rain,7200000.0
26,37984188.0,Red Dawn,17000000.0
218,39602104.0,Rambo: First Blood Part II,44000000.0
215,41759606.0,Cocoon,17500000.0
232,25268720.0,Witness,12000000.0
230,42988656.0,Friday the 13th: A New Beginning,2200000.0
229,41333145.0,Police Academy 2: Their First Assignment,7600000.0
214,45784656.0,Pale Rider,6900000.0
213,49941548.0,Back to the Future,19000000.0
198,33316489.0,Commando,10000000.0
195,19524030.0,Jagged Edge,15000000.0
194,24961347.0,Death Wish 3,9000000.0
192,20444128.0,Once Bitten,3200000.0
191,20148880.0,King Solomon's Mines,12500000.0
188,41900136.0,Rocky IV,31000000.0
224,22462614.0,Stick,22000000.0
210,47236810.0,National Lampoon's European Vacation,17000000.0
492,29301384.0,Down and Out in Beverly Hills,14000000.0
491,33687907.0,Pretty in Pink,9000000.0
489,28738232.0,Gung Ho,13000000.0
487,29160865.0,Police Academy 3: Back in Training,12000000.0
500,32697064.0,Out of Africa,31000000.0
499,38660189.0,Iron Eagle,18000000.0
484,20946701.0,The Money Pit,10000000.0
445,32982745.0,Star Trek IV: The Voyage Home,24000000.0
444,36091320.0,The Golden Child,25000000.0
483,20250126.0,Legend,25000000.0
461,21635984.0,Stand by Me,35000000.0
459,17567338.0,Top Gun,15000000.0
458,21808317.0,Crocodile Dundee,5000000.0
455,708396.0,Playing for Keeps,35000000.0
464,30606033.0,The Fly,15000000.0
466,33588159.0,Aliens,18500000.0
480,17514201.0,Short Circuit,10000000.0
478,12653032.0,Cobra,25000000.0
474,35285502.0,Back to School,11000000.0
473,47973087.0,The Karate Kid Part II,13000000.0
337,47502640.0,The Witches of Eastwick,22000000.0
338,49733753.0,Predator,15000000.0
352,31991816.0,Lethal Weapon,15000000.0
331,44181235.0,The Living Daylights,40000000.0
329,36390689.0,Stakeout,14500000.0
323,33023930.0,Fatal Attraction,14000000.0
332,44768192.0,RoboCop,13000000.0
319,451521.0,Man on Fire,70000000.0
314,31542633.0,The Running Man,27000000.0
308,31357856.0,Throw Momma from the Train,14000000.0
351,31223530.0,Blind Date,18000000.0
340,31346072.0,Beverly Hills Cop II,28000000.0
343,21300027.0,Ishtar,55000000.0
344,17203758.0,The Secret of My Success,12000000.0
350,33513382.0,Police Academy 4: Citizens on Patrol,17000000.0
335,41990551.0,Dragnet,20000000.0
355,39410997.0,A Nightmare on Elm Street 3: Dream Warriors,4000000.0
356,32284628.0,Platoon,6000000.0
361,22541912.0,Critical Condition,14000000.0
2616,9467920.0,Twins,15000000.0
2615,69670716.0,Rain Man,25000000.0
2656,23893399.0,Friday the 13th Part VII: The New Blood,2800000.0
2655,24145445.0,Willow,35000000.0
2622,49421492.0,Scrooged,32000000.0
2621,38014829.0,The Naked Gun: From the Files of Police Squad!,12000000.0
2657,21144996.0,Colors,6000000.0
2659,31166630.0,Beetlejuice,15000000.0
2666,28933481.0,"Good Morning, Vietnam",13000000.0
2664,34763334.0,Biloxi Blues,20000000.0
2625,35286223.0,The Land Before Time,12500000.0
2626,29628860.0,Child's Play,9000000.0
2627,24344777.0,They Live,4000000.0
2654,59525121.0,Crocodile Dundee II,14000000.0
2653,13034238.0,Rambo III,63000000.0
2650,48216103.0,Red Heat,29000000.0
2649,52006552.0,Who Framed Roger Rabbit,70000000.0
2648,71036180.0,Coming to America,30000000.0
2643,50052220.0,Cocktail,20000000.0
2641,43120917.0,Young Guns,13000000.0
2640,45104365.0,A Nightmare on Elm Street 4: The Dream Master,13000000.0
2636,23615419.0,Moon Over Parador,20000000.0
2635,20473628.0,A Fish Called Wanda,7500000.0
2634,17949885.0,Dead Ringers,13000000.0
2633,19489673.0,Gorillas in the Mist,22000000.0
2632,27967421.0,Alien Nation,16000000.0
2629,23525035.0,Halloween 4: The Return of Michael Myers,5000000.0
2721,3312750.0,Back to the Future Part II,40000000.0
2747,61437963.0,Lethal Weapon 2,25000000.0
2745,58919389.0,Parenthood,20000000.0
2743,52164401.0,Uncle Buck,15000000.0
2738,32380301.0,Sea of Love,19000000.0
2737,33489412.0,Black Rain,30000000.0
2733,36551171.0,Look Who's Talking,7500000.0
2728,52044039.0,Harlem Nights,30000000.0
2723,43716383.0,The War of the Roses,26000000.0
2722,33020414.0,National Lampoon's Christmas Vacation,27000000.0
2750,87793013.0,Batman,35000000.0
2775,35780058.0,Three Fugitives,15000000.0
2773,48902089.0,The 'Burbs,18000000.0
2768,34888656.0,Fletch Lives,8045760.0
2764,32677820.0,Major League,11000000.0
2759,29378516.0,"See No Evil, Hear No Evil",18000000.0
2757,67486083.0,Indiana Jones and the Last Crusade,48000000.0
2754,57019127.0,Star Trek V: The Final Frontier,30000000.0
2753,68032810.0,Ghostbusters II,37000000.0
102,25007717.0,Pretty Woman,14000000.0
65,7918560.0,Kindergarten Cop,15000000.0
66,47620466.0,Home Alone,18000000.0
74,31107431.0,Jacob's Ladder,25000000.0
73,35781976.0,Child's Play 2,13000000.0
107,47501879.0,Teenage Mutant Ninja Turtles,75000000.0
112,42834849.0,The Hunt for Red October,30000000.0
114,28747612.0,Driving Miss Daisy,7500000.0
117,33541808.0,Hard to Kill,10000000.0
120,36762815.0,Born on the Fourth of July,14000000.0
75,30830042.0,Graveyard Shift,10500000.0
101,38933573.0,Bird on a Wire,20000000.0
100,65824630.0,Back to the Future Part III,40000000.0
97,57555168.0,Another 48 Hrs.,38000000.0
96,67952401.0,Dick Tracy,47000000.0
94,62044286.0,Days of Thunder,60000000.0
93,64385483.0,Die Hard 2,70000000.0
91,60229578.0,Ghost,22000000.0
90,63533062.0,Presumed Innocent,22000000.0
98,56448155.0,Total Recall,125000000.0
88,58038480.0,Flatliners,26000000.0
76,33132903.0,Marked for Death,12000000.0
80,32770487.0,Pacific Heights,18000000.0
81,34219317.0,Goodfellas,25000000.0
86,43625858.0,Darkman,16000000.0
87,54743500.0,The Exorcist III,9300000.0
82,32513703.0,Postcards from the Edge,22000000.0
140,29505944.0,The Fisher King,24000000.0
134,35795994.0,The People Under the Stairs,6000000.0
137,683822.0,Terminator 2: Judgment Day,102000000.0
127,50587856.0,Star Trek VI: The Undiscovered Country,27000000.0
131,56408176.0,The Addams Family,40000000.0
126,48337410.0,Hook,70000000.0
141,25831535.0,Freddy's Dead: The Final Nightmare,11000000.0
132,31126454.0,Cape Fear,35000000.0
149,48969676.0,Hot Shots!,26000000.0
167,35178652.0,Teenage Mutant Ninja Turtles II: The Secret of the Ooze,25000000.0
171,41453637.0,The Silence of the Lambs,19000000.0
177,48158676.0,Sleeping with the Enemy,19000000.0
166,37561756.0,Out for Justice,14000000.0
163,26897017.0,Oscar,35000000.0
155,68022567.0,Robin Hood: Prince of Thieves,48000000.0
157,46063063.0,City Slickers,27000000.0
158,39905894.0,Backdraft,75000000.0
161,31065177.0,What About Bob?,35000000.0
154,67044357.0,The Naked Gun 2½: The Smell of Fear,23000000.0
162,24365631.0,F/X2,16400000.0
519,32832734.0,Sneakers,23000000.0
521,38245606.0,Honeymoon in Vegas,25000000.0
522,5878961.0,Unforgiven,14400000.0
527,49191333.0,Death Becomes Her,55000000.0
528,50516279.0,Mo' Money,17000000.0
529,54238695.0,"Honey, I Blew Up the Kid",40000000.0
530,67049163.0,A League of Their Own,40000000.0
518,39580764.0,The Last of the Mohicans,40000000.0
514,41832581.0,Under Siege,35000000.0
511,39566159.0,Passenger 57,15000000.0
510,57950758.0,Bram Stoker's Dracula,40000000.0
509,72256479.0,Home Alone 2: Lost in New York,18000000.0
504,54288926.0,A Few Good Men,40000000.0
532,64634926.0,Batman Returns,80000000.0
534,49824429.0,Patriot Games,45000000.0
560,51597872.0,The Hand That Rocks the Cradle,11700000.0
555,43177623.0,Medicine Man,40000000.0
552,44658467.0,Wayne's World,20000000.0
548,45233136.0,Basic Instinct,49000000.0
536,56721978.0,Lethal Weapon 3,35000000.0
538,32288558.0,Alien³,50000000.0
545,51324941.0,Sleepwalkers,15000000.0
265,52107606.0,The Fugitive,44000000.0
264,6076192.0,Jurassic Park,63000000.0
272,77172707.0,The Firm,42000000.0
270,68043739.0,Rising Sun,40000000.0
271,78336081.0,Poetic Justice,14000000.0
261,42505243.0,The Good Son,17000000.0
260,49174741.0,Malice,20000000.0
246,50725691.0,The Pelican Brief,45000000.0
258,53114659.0,Demolition Man,57000000.0
255,36056496.0,The Nightmare Before Christmas,24000000.0
252,49176285.0,Addams Family Values,47000000.0
249,67984479.0,Mrs. Doubtfire,25000000.0
247,45674361.0,Wayne's World 2,40000000.0
291,36234096.0,Teenage Mutant Ninja Turtles III,21000000.0
285,29025001.0,Indecent Proposal,38000000.0
284,32373432.0,Dragon: The Bruce Lee Story,14000000.0
283,34492029.0,Dave,28000000.0
282,45784894.0,Sliver,40000000.0
281,77236461.0,Cliffhanger,70000000.0
305,74620966.0,Aladdin,183000000.0
290,37601884.0,Cop & ½,6500000.0
293,34558514.0,CB4,6000000.0
294,39300507.0,Falling Down,25000000.0
296,46957732.0,Groundhog Day,14600000.0
950,100108303.0,The Lion King,260000000.0
944,93109647.0,Clear and Present Danger,62000000.0
942,63357175.0,Forrest Gump,55000000.0
941,53788246.0,Natural Born Killers,34000000.0
937,34550533.0,Timecop,27000000.0
935,37774192.0,The River Wild,45000000.0
933,46475330.0,The Specialist,45000000.0
932,49912094.0,Pulp Fiction,8500000.0
945,96043848.0,The Mask,23000000.0
929,47216090.0,Stargate,55000000.0
928,81584809.0,Interview with the Vampire: The Vampire Chronicles,60000000.0
927,83681438.0,Star Trek: Generations,38000000.0
924,85970081.0,The Santa Clause,22000000.0
922,40319763.0,Disclosure,55000000.0
921,48870753.0,Dumb and Dumber,16000000.0
919,9270742.0,Street Fighter,35000000.0
918,12351828.0,Little Women,40000000.0
949,4075450.0,The Flintstones,46000000.0
947,92809137.0,True Lies,115000000.0
952,64204103.0,Wolf,70000000.0
953,61791562.0,Speed,30000000.0
957,41436948.0,Maverick,75000000.0
958,38863299.0,The Crow,23000000.0
960,26544318.0,No Escape,20000000.0
962,30803934.0,Four Weddings and a Funeral,4400000.0
964,39524149.0,Major League II,25000000.0
978,65313589.0,Philadelphia,26000000.0
965,4758935.0,Schindler's List,22000000.0
974,53164721.0,Ace Ventura: Pet Detective,15000000.0
971,9493540.0,Reality Bites,11500000.0
968,34521018.0,Guarding Tess,20000000.0
967,40221420.0,Naked Gun 33 1/3: The Final Insult,30000000.0
972,67655829.0,On Deadly Ground,50000000.0
884,83673590.0,Apollo 13,52000000.0
880,69656248.0,Dangerous Minds,23000000.0
881,73191081.0,Waterworld,175000000.0
891,61361625.0,Casper,50000000.0
888,92308167.0,Pocahontas,55000000.0
889,94611854.0,Batman Forever,100000000.0
890,69851526.0,Congo,50000000.0
894,55685726.0,Die Hard with a Vengeance,90000000.0
895,44973684.0,Crimson Tide,53000000.0
860,59293975.0,Toy Story,30000000.0
873,40976642.0,Se7en,33000000.0
857,75746340.0,Waiting to Exhale,16000000.0
858,54343896.0,Jumanji,65000000.0
864,76161016.0,GoldenEye,58000000.0
865,69246023.0,Ace Ventura: When Nature Calls,30000000.0
866,46916688.0,Get Shorty,30250000.0
897,39464415.0,While You Were Sleeping,17000000.0
915,79158945.0,Legends of the Fall,30000000.0
910,33144426.0,Billy Madison,10000000.0
909,57402244.0,The Brady Bunch Movie,12000000.0
906,39255310.0,Man of the House,40000000.0
905,38248250.0,Outbreak,50000000.0
901,49683607.0,Bad Boys,19000000.0
620,75468297.0,12 Monkeys,29000000.0
564,61780101.0,Jerry Maguire,50000000.0
580,33340470.0,Maximum Risk,25000000.0
579,44173203.0,The First Wives Club,26000000.0
576,1439753.0,Independence Day,75000000.0
575,50747255.0,The Ghost and the Darkness,50000000.0
574,49320645.0,Sleepers,44000000.0
563,71079468.0,Beavis and Butt-Head Do America,12000000.0
571,67756760.0,Ransom,80000000.0
570,80546983.0,Space Jam,80000000.0
569,91567605.0,Star Trek: First Contact,46000000.0
566,106879034.0,101 Dalmatians,54000000.0
572,47475297.0,Romeo + Juliet,14500000.0
602,41544037.0,The Quest,30000000.0
594,68983432.0,The Cable Guy,47000000.0
595,76813873.0,The Rock,75000000.0
596,75980973.0,Mission: Impossible,291000000.0
599,56264125.0,Twister,92000000.0
601,35826765.0,The Craft,15000000.0
581,35811017.0,Bulletproof,25000000.0
603,42051608.0,Primal Fear,30000000.0
607,45832157.0,The Birdcage,31000000.0
612,52427589.0,Rumble in the Bronx,7500000.0
613,59549684.0,Broken Arrow,50000000.0
617,41028145.0,Mr. Holland's Opus,31000000.0
618,54757505.0,From Dusk Till Dawn,19000000.0
593,90667546.0,Eraser,100000000.0
592,97519132.0,The Nutty Professor,54000000.0
588,67547982.0,A Time to Kill,40000000.0
586,61317662.0,Jack,45000000.0
585,54394636.0,Tin Cup,45000000.0
584,51551710.0,The Island of Dr. Moreau,40000000.0
583,62626184.0,The Crow: City of Angels,13000000.0
776,92363542.0,Face/Off,80000000.0
777,95550443.0,Batman & Robin,185000000.0
781,81307511.0,The Lost World: Jurassic Park,73000000.0
779,62831256.0,Con Air,75000000.0
775,113786409.0,Men in Black,90000000.0
778,56508375.0,Speed 2: Cruise Control,160000000.0
769,70473999.0,Cop Land,15000000.0
772,101320619.0,Air Force One,85000000.0
770,78139519.0,Conspiracy Theory,75000000.0
768,65746855.0,G.I. Jane,50000000.0
765,37641254.0,Fire Down Below,60000000.0
764,38503336.0,The Game,50000000.0
746,120126820.0,Titanic,200000000.0
748,69091403.0,Scream 2,24000000.0
749,42185260.0,Flubber,80000000.0
751,7574342.0,Starship Troopers,105000000.0
753,75964305.0,Mortal Kombat: Annihilation,30000000.0
754,62856559.0,The Jackal,60000000.0
756,45571178.0,I Know What You Did Last Summer,17000000.0
759,54339832.0,Kiss the Girls,27000000.0
760,6692408.0,The Peacemaker,50000000.0
783,45992130.0,The Fifth Element,90000000.0
785,58095541.0,Breakdown,36000000.0
804,62315354.0,The Relic,60000000.0
802,14104613.0,Evita,55000000.0
794,62954749.0,Private Parts,28000000.0
792,74303842.0,Liar Liar,45000000.0
788,64584676.0,Anaconda,45000000.0
786,53119521.0,Volcano,90000000.0
2599,67890972.0,Lost in Space,80000000.0
2597,68792678.0,City of Angels,55000000.0
2586,98720793.0,The X Files,66000000.0
2594,45568806.0,He Got Game,25000000.0
2593,67299336.0,Deep Impact,75000000.0
2591,120893367.0,Godzilla,160000000.0
2588,85102476.0,The Truman Show,60000000.0
2585,99152870.0,Doctor Dolittle,71000000.0
2584,98168592.0,Armageddon,140000000.0
2583,112926841.0,Lethal Weapon 4,140000000.0
2582,106282793.0,The Mask of Zorro,95000000.0
2595,46746646.0,The Big Hit,13000000.0
2572,64340871.0,Rush Hour,33000000.0
2580,96361741.0,Saving Private Ryan,70000000.0
2555,126493363.0,Patch Adams,50000000.0
2556,70002410.0,You've Got Mail,65000000.0
2557,64385402.0,Star Trek: Insurrection,70000000.0
2558,61223999.0,A Bug's Life,120000000.0
2562,90114208.0,The Rugrats Movie,30000000.0
2563,83456705.0,The Waterboy,23000000.0
2565,43177456.0,Vampires,20000000.0
2566,59381827.0,Pleasantville,60000000.0
2567,70892334.0,Practical Magic,75000000.0
2568,63399951.0,Antz,60000000.0
2573,37299155.0,Rounders,12000000.0
2574,18708033.0,There's Something About Mary,23000000.0
2576,54769564.0,Blade,45000000.0
2522,102677169.0,American Pie,11000000.0
2525,125015078.0,Big Daddy,34200000.0
2526,123436945.0,Tarzan,130000000.0
2527,111640750.0,Austin Powers: The Spy Who Shagged Me,33000000.0
2528,77058968.0,Star Wars: Episode I - The Phantom Menace,115000000.0
2532,59008671.0,The Mummy,80000000.0
2534,48866412.0,Entrapment,66000000.0
2535,47982849.0,The Matrix,63000000.0
2540,52845536.0,Forces of Nature,75000000.0
2542,62058608.0,Analyze This,80000000.0
2544,58589554.0,8MM,40000000.0
2545,59536388.0,Payback,90000000.0
2546,55488096.0,Message in a Bottle,80000000.0
2549,52024366.0,She's All That,10000000.0
2553,71121141.0,A Civil Action,70000000.0
2524,79915264.0,Wild Wild West,170000000.0
2536,66575853.0,Life,58000000.0
2521,98446172.0,Eyes Wide Shut,65000000.0
2493,98775026.0,Stuart Little,133000000.0
2494,88768536.0,Any Given Sunday,55000000.0
2496,69153933.0,Toy Story 2,90000000.0
2501,101348101.0,The World Is Not Enough,135000000.0
2502,83281048.0,Pokémon: The First Movie - Mewtwo Strikes Back,30000000.0
2503,58984616.0,The Bone Collector,73000000.0
2504,50438110.0,House on Haunted Hill,37000000.0
2506,67432995.0,Fight Club,63000000.0
2507,77198159.0,Double Jeopardy,70000000.0
2519,133878394.0,Runaway Bride,70000000.0
2518,133117335.0,The Sixth Sense,40000000.0
2512,59580103.0,Stigmata,29000000.0
2511,65709789.0,Blue Streak,65000000.0
1667,67300737.0,Gladiator,103000000.0
1669,64213479.0,U-571,62000000.0
1666,99438784.0,Dinosaur,127500000.0
1661,94155016.0,Shaft,30000000.0
1664,106840609.0,Mission: Impossible II,125000000.0
1662,90433502.0,Gone in 60 Seconds,1000000.0
1660,94088127.0,"Me, Myself & Irene",51000000.0
1672,62238028.0,Rules of Engagement,60000000.0
1679,66413722.0,The Whole Nine Yards,41300000.0
1674,72074699.0,Erin Brockovich,52000000.0
1677,61089854.0,Mission to Mars,90000000.0
1682,71894913.0,Scream 3,40000000.0
1687,92328614.0,Next Friday,11000000.0
1684,42010952.0,Eye of the Beholder,15000000.0
1659,157254073.0,The Perfect Storm,120000000.0
1657,131658470.0,Scary Movie,19000000.0
1656,140259924.0,X-Men,178000000.0
1626,152276541.0,Cast Away,90000000.0
1630,96241758.0,What Women Want,70000000.0
1631,77568179.0,How the Grinch Stole Christmas,123000000.0
1637,92712524.0,Charlie's Angels,48000000.0
1639,67898055.0,Meet the Parents,55000000.0
1653,114097294.0,Hollow Man,95000000.0
1651,79747611.0,The Cell,33000000.0
1650,69438933.0,Bring It On,28000000.0
1654,117342589.0,Nutty Professor II: The Klumps,84000000.0
1647,41681570.0,The Watcher,33000000.0
1655,124114586.0,What Lies Beneath,100000000.0
1645,44541332.0,Urban Legends: Final Cut,14000000.0
1644,50235733.0,Remember the Titans,30000000.0
1580,81033528.0,Training Day,45000000.0
1591,159718832.0,Rush Hour 2,90000000.0
1590,143895822.0,American Pie 2,30000000.0
1587,87742692.0,Jeepers Creepers,10000000.0
1585,57243510.0,The Musketeer,40000000.0
1584,48256060.0,Hardball,32000000.0
1582,61239377.0,Don't Say a Word,50000000.0
1573,185370002.0,Harry Potter and the Sorcerer's Stone,125000000.0
1578,67433022.0,From Hell,35000000.0
1577,67855902.0,K-PAX,48000000.0
1576,129494878.0,"Monsters, Inc.",115000000.0
1592,140388522.0,Planet of the Apes,100000000.0
1569,81015513.0,Ocean's Eleven,85000000.0
1568,86788851.0,Vanilla Sky,68000000.0
1567,173502067.0,The Lord of the Rings: The Fellowship of the Ring,93000000.0
1593,130460690.0,Jurassic Park III,93000000.0
1601,137422090.0,Pearl Harbor,140000000.0
1624,134476419.0,Save the Last Dance,13000000.0
1621,66851732.0,The Wedding Planner,35000000.0
1619,102923335.0,Hannibal,87000000.0
1615,70619092.0,The Mexican,57000000.0
1613,68073729.0,Exit Wounds,50000000.0
1612,63033676.0,Heartbreakers,35000000.0
1607,64219275.0,Bridget Jones's Diary,25000000.0
1605,97218110.0,The Mummy Returns,98000000.0
1603,94294422.0,Shrek,60000000.0
1599,93076000.0,Swordfish,102000000.0
1598,127001747.0,Lara Croft: Tomb Raider,115000000.0
1597,132493383.0,The Fast and the Furious,38000000.0
1596,113812114.0,A.I. Artificial Intelligence,100000000.0
1594,103073616.0,Legally Blonde,18000000.0
1782,99891208.0,The Sum of All Fears,68000000.0
1784,150537889.0,Star Wars: Episode II - Attack of the Clones,120000000.0
1787,112776680.0,Spider-Man,100000000.0
1789,67131090.0,The Scorpion King,60000000.0
1791,78604727.0,Changing Lanes,45000000.0
1792,89287375.0,Panic Room,48000000.0
1795,113639084.0,Blade II,54000000.0
1796,116789443.0,Ice Age,59000000.0
1797,78308340.0,The Time Machine,80000000.0
1798,77318057.0,We Were Soldiers,75000000.0
1799,77302434.0,Queen of the Damned,35000000.0
1800,97249142.0,John Q,36000000.0
1802,78600551.0,Collateral Damage,85000000.0
1803,73420948.0,Black Hawk Down,92000000.0
1780,146017182.0,Minority Report,102000000.0
1749,149298188.0,The Lord of the Rings: The Two Towers,79000000.0
1778,134225169.0,Men in Black II,140000000.0
1779,125614968.0,Mr. Deeds,50000000.0
1751,86924905.0,Maid in Manhattan,55000000.0
1752,63842353.0,Die Another Day,140000000.0
1753,127058801.0,Harry Potter and the Chamber of Secrets,100000000.0
1758,125751491.0,8 Mile,41000000.0
1759,97888832.0,The Santa Clause 2,65000000.0
1760,81807831.0,Jackass: The Movie,5000000.0
1761,67633772.0,The Ring,48000000.0
1762,87173297.0,Red Dragon,78000000.0
1775,129688399.0,Austin Powers in Goldmember,63000000.0
1774,137681488.0,Signs,72000000.0
1773,129287848.0,xXx,70000000.0
1776,94136132.0,Road to Perdition,80000000.0
1765,88803978.0,Sweet Home Alabama,30000000.0
1767,69672402.0,Barbershop,12000000.0
1768,55776823.0,Swimfan,8500000.0
1978,94127943.0,Anger Management,75000000.0
1968,114371490.0,Finding Nemo,94000000.0
1969,154965259.0,2 Fast 2 Furious,76000000.0
1972,189501916.0,Bruce Almighty,80000000.0
1973,153155481.0,The Matrix Reloaded,150000000.0
1974,100308486.0,X2,110000000.0
1976,71671372.0,Identity,28000000.0
1985,82258706.0,Cradle 2 the Grave,25000000.0
1980,77836780.0,Phone Booth,13000000.0
1981,82355910.0,Head of State,35200000.0
1982,78907557.0,Bringing Down the House,20000000.0
1967,138565602.0,Hulk,137000000.0
1986,89941443.0,Daredevil,78000000.0
1989,96780739.0,How to Lose a Guy in 10 Days,50000000.0
1990,85451156.0,The Recruit,46000000.0
1966,107713698.0,Charlie's Angels: Full Throttle,120000000.0
1958,80395694.0,Freddy vs. Jason,30000000.0
1964,131792592.0,Pirates of the Caribbean: The Curse of the Black Pearl,140000000.0
1936,159452644.0,The Lord of the Rings: The Return of the King,94000000.0
1938,76169972.0,Something's Gotta Give,80000000.0
1939,85431721.0,The Last Samurai,140000000.0
1940,140720533.0,The Cat in the Hat,109000000.0
1941,170718573.0,The Haunted Mansion,90000000.0
1944,117578520.0,Elf,32000000.0
1945,141589384.0,The Matrix Revolutions,150000000.0
1946,87785845.0,Scary Movie 3,48000000.0
1965,123267847.0,Terminator 3: Rise of the Machines,200000000.0
1948,100497930.0,The Texas Chainsaw Massacre,9500000.0
1951,76465128.0,School of Rock,35000000.0
1952,74175948.0,The Rundown,85000000.0
1953,87127122.0,Underworld,22000000.0
1954,69711433.0,Once Upon a Time in Mexico,29000000.0
1956,75172635.0,Jeepers Creepers 2,17000000.0
1960,125206737.0,S.W.A.T.,80000000.0
1961,127890683.0,American Wedding,55000000.0
1962,141886062.0,Spy Kids 3: Game Over,38000000.0
1963,134729265.0,Bad Boys II,130000000.0
1949,93729703.0,Kill Bill: Vol. 1,30000000.0
1994,82340691.0,Just Married,18000000.0
2343,161847766.0,Shrek 2,150000000.0
2344,100629677.0,Troy,175000000.0
2345,98399021.0,Van Helsing,160000000.0
2346,83177726.0,Mean Girls,17000000.0
2348,78968385.0,Kill Bill: Vol. 2,30000000.0
2349,87892722.0,The Passion of the Christ,30000000.0
2351,107623883.0,Hellboy,50000000.0
2352,102319550.0,Scooby-Doo 2: Monsters Unleashed,80000000.0
2353,105621482.0,Dawn of the Dead,26000000.0
2310,146437423.0,National Treasure,100000000.0
2357,69238343.0,50 First Dates,75000000.0
2360,85154544.0,Barbershop 2: Back in Business,18000000.0
2362,77928970.0,The Butterfly Effect,13000000.0
2363,107223556.0,Along Came Polly,42000000.0
2308,98593405.0,Ocean's Twelve,110000000.0
2307,94894514.0,A Series of Unfortunate Events,140000000.0
2306,112673267.0,Meet the Fockers,80000000.0
2339,151332493.0,Harry Potter and the Prisoner of Azkaban,130000000.0
2314,131257704.0,The Incredibles,92000000.0
2316,88903187.0,The Grudge,10000000.0
2318,86263922.0,Shark Tale,75000000.0
2322,55689771.0,The Forgotten,42000000.0
2323,60061974.0,Sky Captain and the World of Tomorrow,70000000.0
2325,58998603.0,Hero,42000000.0
2338,128069046.0,Dodgeball: A True Underdog Story,20000000.0
2337,129176051.0,Fahrenheit 9/11,6000000.0
2336,154099164.0,Spider-Man 2,200000000.0
2324,59095246.0,Resident Evil: Apocalypse,45000000.0
2333,134570481.0,"I, Robot",120000000.0
2331,136648459.0,The Village,60000000.0
2330,93818029.0,Collateral,65000000.0
2329,119841838.0,Alien vs. Predator,70000000.0
2328,96455296.0,Exorcist: The Beginning,80000000.0
2332,135184908.0,The Bourne Supremacy,75000000.0
2369,149695276.0,King Kong,207000000.0
2368,159848290.0,"The Chronicles of Narnia: The Lion, the Witch and the Wardrobe",180000000.0
2397,150770053.0,Charlie and the Chocolate Factory,150000000.0
2401,113398236.0,Batman Begins,150000000.0
2426,78920270.0,Are We There Yet?,32000000.0
2404,124821684.0,Madagascar,75000000.0
2405,176095556.0,Star Wars: Episode III - Revenge of the Sith,113000000.0
2408,91747480.0,Monster-in-Law,43000000.0
2409,76115341.0,Kingdom of Heaven,130000000.0
2410,78058370.0,The Hitchhiker's Guide to the Galaxy,50000000.0
2411,78875513.0,The Interpreter,80000000.0
2413,75815725.0,Sahara,130000000.0
2414,92823733.0,Sin City,40000000.0
2415,86905815.0,Guess Who,35000000.0
2417,102331011.0,The Ring Two,50000000.0
2418,100272952.0,Robots,75000000.0
2419,104740602.0,The Pacifier,56000000.0
2421,109619134.0,Hitch,70000000.0
2398,135633138.0,Fantastic Four,120000000.0
2427,112075179.0,Coach Carter,30000000.0
2424,81760868.0,Boogeyman,20000000.0
2373,73570458.0,Harry Potter and the Goblet of Fire,150000000.0
2378,106966552.0,Chicken Little,150000000.0
2380,82583718.0,Saw II,4000000.0
2381,65691999.0,Doom,60000000.0
2425,97441087.0,Hide and Seek,30000000.0
2382,66154387.0,The Fog,1000000.0
2384,91725237.0,Wallace & Gromit: The Curse of the Were-Rabbit,30000000.0
2385,71498614.0,Flightplan,55000000.0
2387,66381308.0,Just Like Heaven,58000000.0
2388,70635980.0,The Exorcism of Emily Rose,19000000.0
2389,72867782.0,Transporter 2,32000000.0
2391,77824346.0,The 40-Year-Old Virgin,26000000.0
2393,100228294.0,Four Brothers,45000000.0
2394,98480327.0,The Dukes of Hazzard,50000000.0
2395,105645982.0,Wedding Crashers,40000000.0
2183,145773272.0,Night at the Museum,110000000.0
2185,82696524.0,Apocalypto,40000000.0
2216,144546385.0,Cars,120000000.0
2217,128081069.0,The Break-Up,52000000.0
2218,186924554.0,X-Men: The Last Stand,210000000.0
2220,153143247.0,The Da Vinci Code,125000000.0
2221,80908534.0,Mission: Impossible III,150000000.0
2223,86027988.0,RV,50000000.0
2224,95425388.0,Silent Hill,50000000.0
2225,107052016.0,Scary Movie 4,45000000.0
2227,99082969.0,Ice Age: The Meltdown,80000000.0
2229,95002772.0,Inside Man,45000000.0
2230,89715805.0,V for Vendetta,54000000.0
2231,88857740.0,Failure to Launch,50000000.0
2232,77823578.0,Madea's Family Reunion,6000000.0
2234,106280152.0,Eight Below,40000000.0
2236,98949725.0,The Pink Panther,65000000.0
2237,76084313.0,When a Stranger Calls,15000000.0
2238,93425268.0,Big Momma's House 2,40000000.0
2239,87776641.0,Underworld: Evolution,50000000.0
2213,203866345.0,Superman Returns,270000000.0
2211,207346655.0,Pirates of the Caribbean: Dead Man's Chest,200000000.0
2186,77200141.0,Happy Feet,100000000.0
2193,83339526.0,Saw III,10000000.0
2194,81965050.0,The Prestige,40000000.0
2196,98930483.0,The Departed,90000000.0
2198,83332898.0,Open Season,85000000.0
2199,77173306.0,Jackass Number Two,11000000.0
2200,56361184.0,Gridiron Gang,30000000.0
2201,49006882.0,The Covenant,20000000.0
2205,85216005.0,Snakes on a Plane,33000000.0
2206,103779263.0,Talladega Nights: The Ballad of Ricky Bobby,72500000.0
2208,108847779.0,Miami Vice,135000000.0
2184,106010696.0,The Pursuit of Happyness,55000000.0
2214,124781927.0,Click,82500000.0
2242,97887282.0,Hostel,4800000.0
1996,232891078.0,National Treasure: Book of Secrets,130000000.0
2023,157482640.0,The Bourne Ultimatum,70000000.0
2022,134842684.0,Rush Hour 3,140000000.0
2021,108565896.0,Superbad,20000000.0
2019,113621805.0,Halloween,325000.0
2017,61765508.0,3:10 to Yuma,55000000.0
2016,60351939.0,The Brave One,70000000.0
2015,75128042.0,Resident Evil: Extinction,45000000.0
2014,72818734.0,The Game Plan,22000000.0
2011,80316757.0,Why Did I Get Married?,15000000.0
2010,68917610.0,30 Days of Night,30000000.0
2008,118917527.0,American Gangster,100000000.0
2007,94231894.0,Bee Movie,150000000.0
2006,90445557.0,Beowulf,70000000.0
2005,200185564.0,Enchanted,85000000.0
2001,68128819.0,The Golden Compass,180000000.0
2000,149415413.0,I Am Legend,150000000.0
2024,169137597.0,The Simpsons Movie,75000000.0
2009,81239698.0,Saw IV,10000000.0
2026,168833476.0,Harry Potter and the Order of the Phoenix,150000000.0
2027,160065416.0,Transformers,150000000.0
2055,90498028.0,Stomp the Yard,13000000.0
2053,82251314.0,Epic Movie,20000000.0
2052,66162832.0,The Messengers,16000000.0
2051,87192120.0,Norbit,10000000.0
2050,163208842.0,Ghost Rider,110000000.0
2046,135961063.0,300,65000000.0
2044,116375315.0,TMNT,34000000.0
2043,113066760.0,Blades of Glory,53000000.0
2040,91708525.0,Disturbia,20000000.0
2037,178072412.0,Spider-Man 3,258000000.0
2035,171457637.0,Shrek the Third,160000000.0
2034,244300251.0,Pirates of the Caribbean: At World's End,300000000.0
2031,129422051.0,Ocean's Thirteen,85000000.0
2030,137781216.0,Fantastic Four: Rise of the Silver Surfer,130000000.0
2029,121972345.0,Evan Almighty,175000000.0
2028,141710943.0,Ratatouille,150000000.0
2025,144104368.0,I Now Pronounce You Chuck & Larry,85000000.0
1059,149925900.0,Hancock,150000000.0
1061,135822136.0,Get Smart,80000000.0
1067,124788668.0,The Chronicles of Narnia: Prince Caspian,225000000.0
1068,115983162.0,Iron Man,140000000.0
1070,76023855.0,Baby Mama,30000000.0
1071,79673117.0,The Forbidden Kingdom,55000000.0
1072,77792738.0,Prom Night,1500000.0
1073,76219857.0,21,35000000.0
1075,94656916.0,Horton Hears a Who!,85000000.0
1078,86928662.0,"10,000 BC",105000000.0
1080,85162089.0,Vantage Point,40000000.0
1081,111505912.0,Jumper,85000000.0
1083,83480396.0,Fool's Gold,70000000.0
1084,94843468.0,Hannah Montana and Miley Cyrus: Best of Both Worlds Concert,7000000.0
1085,109183558.0,Meet the Spartans,30000000.0
1086,126624750.0,Cloverfield,25000000.0
1032,78517597.0,The Day the Earth Stood Still,80000000.0
1066,212296393.0,Indiana Jones and the Kingdom of the Crystal Skull,185000000.0
1064,163144136.0,Sex and the City,65000000.0
1063,169909290.0,Kung Fu Panda,130000000.0
1036,218303171.0,Four Christmases,80000000.0
1037,154817872.0,Twilight,37000000.0
1038,134787672.0,Quantum of Solace,200000000.0
1039,123379106.0,Madagascar: Escape 2 Africa,150000000.0
1040,69307204.0,High School Musical 3: Senior Year,11000000.0
1042,79992286.0,Max Payne,35000000.0
1043,80803153.0,Beverly Hills Chihuahua,20000000.0
1046,82148111.0,Eagle Eye,80000000.0
1047,72805930.0,Lakeview Terrace,20000000.0
1031,77424767.0,Yes Man,70000000.0
1048,82159485.0,Burn After Reading,37000000.0
1050,68515837.0,Tropic Thunder,92000000.0
1054,108322998.0,The Dark Knight,185000000.0
1058,139919684.0,Hellboy II: The Golden Army,85000000.0
1060,176907464.0,WALL·E,180000000.0
1062,174921744.0,The Incredible Hulk,150000000.0
1049,46350874.0,Bangkok Dangerous,45000000.0
1214,82656512.0,The Princess and the Frog,105000000.0
1245,157921508.0,The Hangover,35000000.0
1246,159873985.0,Up,175000000.0
1247,168355487.0,Night at the Museum: Battle of the Smithsonian,150000000.0
1250,138843581.0,Star Trek,150000000.0
1251,146572798.0,X-Men Origins: Wolverine,150000000.0
1252,100327984.0,Obsessed,20000000.0
1253,97370546.0,17 Again,20000000.0
1254,122113373.0,Hannah Montana: The Movie,35000000.0
1270,121541116.0,Gran Torino,33000000.0
1269,184673846.0,Paul Blart: Mall Cop,26000000.0
1266,95933299.0,Taken,25000000.0
1265,124041046.0,He's Just Not That Into You,40000000.0
1260,97720570.0,Watchmen,130000000.0
1259,84204182.0,Race to Witch Mountain,50000000.0
1258,93174791.0,Knowing,50000000.0
1257,136575156.0,Monsters vs. Aliens,175000000.0
1243,139770972.0,The Proposal,40000000.0
1242,190609317.0,Transformers: Revenge of the Fallen,200000000.0
1215,86237399.0,The Blind Side,29000000.0
1216,172369237.0,The Twilight Saga: New Moon,50000000.0
1220,124130245.0,2012,200000000.0
1222,77489382.0,This Is It,60000000.0
1223,100949943.0,Paranormal Activity,215000.0
1224,124637638.0,Where the Wild Things Are,100000000.0
1225,91892437.0,Couples Retreat,70000000.0
1213,126343342.0,Avatar,237000000.0
1227,87465911.0,Zombieland,23600000.0
1229,83214524.0,Cloudy with a Chance of Meatballs,100000000.0
1231,76384281.0,The Final Destination,40000000.0
1234,106503767.0,Inglourious Basterds,70000000.0
1235,119101428.0,District 9,30000000.0
1236,125660546.0,G.I. Joe: The Rise of Cobra,175000000.0
1237,107143812.0,Funny People,75000000.0
1238,138205853.0,G-Force,150000000.0
1239,150389463.0,Harry Potter and the Half-Blood Prince,250000000.0
1240,132244941.0,Brüno,42000000.0
1256,146086888.0,Fast & Furious,340000000.0
2273,179066707.0,The Twilight Saga: Eclipse,68000000.0
2275,154390043.0,Toy Story 3,200000000.0
2277,140451060.0,The Karate Kid,40000000.0
2278,120565073.0,Shrek Forever After,165000000.0
2282,129275088.0,Iron Man 2,200000000.0
2284,87924993.0,A Nightmare on Elm Street,1100000.0
2285,85792705.0,How to Train Your Dragon,165000000.0
2272,182442390.0,Despicable Me,69000000.0
2286,108077823.0,Kick-Ass,28000000.0
2288,166220519.0,Clash of the Titans,125000000.0
2291,110799129.0,Alice in Wonderland,3000000.0
2294,104201694.0,Shutter Island,80000000.0
2296,182998695.0,Valentine's Day,52000000.0
2298,94786281.0,Dear John,25000000.0
2271,169206774.0,Inception,160000000.0
2243,137343062.0,Little Fockers,100000000.0
2245,124993526.0,TRON: Legacy,170000000.0
2246,81560957.0,The Chronicles of Narnia: The Voyage of the Dawn Treader,155000000.0
2247,75004741.0,Tangled,260000000.0
2248,167833958.0,Harry Potter and the Deathly Hallows: Part 1,250000000.0
2252,107692567.0,Megamind,130000000.0
2254,82076962.0,Saw 3D,20000000.0
2256,117078913.0,Jackass 3D,20000000.0
2257,76880100.0,The Social Network,40000000.0
2260,88901910.0,Wall Street: Money Never Sleeps,70000000.0
2261,84334484.0,The Town,37000000.0
2262,61707602.0,Resident Evil: Afterlife,60000000.0
2263,74512580.0,The American,20000000.0
2265,87206831.0,Takers,32000000.0
2266,102089078.0,The Expendables,80000000.0
2268,117746775.0,The Other Guys,100000000.0
2255,117205902.0,Paranormal Activity 2,3000000.0
2487,68315090.0,The Roommate,16000000.0
2431,173320352.0,Mission: Impossible - Ghost Protocol,145000000.0
2464,164865297.0,Cars 2,200000000.0
2465,145208661.0,Green Lantern,200000000.0
2466,131188107.0,Super 8,50000000.0
2468,213334314.0,The Hangover Part II,80000000.0
2470,156858984.0,Pirates of the Caribbean: On Stranger Tides,379000000.0
2471,126805764.0,Thor,150000000.0
2473,140262298.0,Fast Five,125000000.0
2474,114486342.0,Rio,90000000.0
2463,186283764.0,Transformers: Dark of the Moon,195000000.0
2477,98389397.0,Hop,63000000.0
2480,98816142.0,Limitless,27000000.0
2481,111935077.0,Battle Los Angeles,70000000.0
2482,114398546.0,Rango,135000000.0
2483,92540158.0,Hall Pass,36000000.0
2484,125712044.0,Unknown,30000000.0
2486,128358223.0,Just Go with It,80000000.0
2488,87300754.0,The Rite,37000000.0
2489,83445232.0,No Strings Attached,25000000.0
2490,107824706.0,The Green Hornet,120000000.0
2492,89402192.0,True Grit,38000000.0
2460,248568927.0,Harry Potter and the Deathly Hallows: Part 2,125000000.0
2434,105970233.0,Sherlock Holmes: A Game of Shadows,125000000.0
2435,63846449.0,New Year's Eve,56000000.0
2436,70515083.0,The Twilight Saga: Breaking Dawn - Part 1,110000000.0
2441,124195132.0,Immortals,75000000.0
2442,100619007.0,Puss in Boots,90000000.0
2444,105208900.0,Paranormal Activity 3,5000000.0
2445,72749806.0,Real Steel,110000000.0
2448,83299660.0,Dolphin Tale,37000000.0
2451,60588164.0,Contagion,60000000.0
2452,99407337.0,The Help,25000000.0
2456,134605986.0,Rise of the Planet of the Apes,93000000.0
2459,179068823.0,Captain America: The First Avenger,140000000.0
2458,167881029.0,Cowboys & Aliens,163000000.0
2138,64824244.0,Resident Evil: Retribution,65000000.0
2136,102991094.0,Hotel Transylvania,85000000.0
2137,71888652.0,End of Watch,7000000.0
2139,46747004.0,The Possession,14000000.0
2145,111448685.0,The Dark Knight Rises,250000000.0
2142,75735631.0,The Expendables 2,100000000.0
2144,129143882.0,The Bourne Legacy,130000000.0
2135,130018694.0,Taken 2,45000000.0
2128,240504453.0,The Twilight Saga: Breaking Dawn - Part 2,120000000.0
2132,115619564.0,Paranormal Activity 4,5000000.0
2131,74831900.0,Argo,44500000.0
2130,118833677.0,Wreck-It Ralph,165000000.0
2129,159539986.0,Skyfall,200000000.0
2122,126779394.0,The Hobbit: An Unexpected Journey,250000000.0
2162,104850744.0,The Hunger Games,75000000.0
2149,178335880.0,The Amazing Spider-Man,215000000.0
2177,105673270.0,Contraband,25000000.0
2176,103050329.0,Underworld: Awakening,70000000.0
2175,91306608.0,The Grey,25000000.0
2174,88088338.0,Chronicle,15000000.0
2173,168289222.0,The Vow,30000000.0
2172,164876415.0,Safe House,85000000.0
2170,107371847.0,Act of Valor,12000000.0
2169,145788328.0,The Lorax,70000000.0
2167,93582069.0,21 Jump Street,42000000.0
2148,150002519.0,Ice Age: Continental Drift,95000000.0
2161,118940992.0,Think Like a Man,12000000.0
2159,246662936.0,The Avengers,220000000.0
2156,144354167.0,Men in Black 3,225000000.0
2154,132181371.0,Snow White and the Huntsman,170000000.0
2153,171705112.0,Madagascar 3: Europe's Most Wanted,145000000.0
2151,152347191.0,Brave,185000000.0
2150,189645968.0,Ted,50000000.0
2179,120467366.0,The Devil Inside,1000000.0
2116,112186149.0,Zero Dark Thirty,40000000.0
2083,117938083.0,2 Guns,61000000.0
2082,137650749.0,Elysium,115000000.0
2081,113572527.0,The Butler,25000000.0
2078,84942972.0,One Direction: This Is Us,10000000.0
2077,61672745.0,Riddick,38000000.0
2076,86531368.0,Insidious: Chapter 2,5000000.0
2075,69831206.0,Prisoners,46000000.0
2074,91565449.0,Cloudy with a Chance of Meatballs 2,78000000.0
2073,111457653.0,Gravity,105000000.0
2069,93288479.0,Jackass Presents: Bad Grandpa,15000000.0
2068,115987099.0,Ender's Game,110000000.0
2067,157930421.0,Thor: The Dark World,170000000.0
2065,214593579.0,The Hunger Games: Catching Fire,130000000.0
2061,83941456.0,Frozen,150000000.0
2060,138369003.0,The Hobbit: The Desolation of Smaug,250000000.0
2084,151703400.0,The Wolverine,120000000.0
2117,116465689.0,Texas Chainsaw,9500000.0
2085,174305736.0,The Conjuring,13000000.0
2088,180411163.0,Monsters University,200000000.0
2115,125704597.0,Mama,15000000.0
2113,81203152.0,Hansel & Gretel: Witch Hunters,50000000.0
2112,64959191.0,Warm Bodies,35000000.0
2111,82382252.0,Identity Thief,35000000.0
2110,143655294.0,A Good Day to Die Hard,92000000.0
2107,87821690.0,Jack the Giant Slayer,195000000.0
2106,124576195.0,Oz the Great and Powerful,200000000.0
2104,127241394.0,The Croods,135000000.0
2103,155717819.0,G.I. Joe: Retaliation,130000000.0
2101,124827157.0,Evil Dead,15000000.0
2100,104482953.0,42,40000000.0
2099,96489683.0,Oblivion,120000000.0
2098,78125503.0,Pain & Gain,10769016.0
2097,208434380.0,Iron Man 3,200000000.0
2095,146889482.0,Star Trek Into Darkness,190000000.0
2094,248032672.0,Fast & Furious 6,340000000.0
2091,141384924.0,The Purge,3000000.0
2090,192954929.0,Man of Steel,225000000.0
2086,183777279.0,Despicable Me 2,76000000.0
1743,65887288.0,Ride Along,25000000.0
1736,98624322.0,Mr. Peabody & Sherman,145000000.0
1722,153810858.0,The Fault in Our Stars,14000000.0
1723,157680341.0,Maleficent,180000000.0
1724,216734334.0,X-Men: Days of Future Past,250000000.0
1728,141515375.0,The Amazing Spider-Man 2,200000000.0
1729,97473803.0,The Other Woman,40000000.0
1730,116260430.0,Captain America: The Winter Soldier,170000000.0
1734,124746109.0,Noah,125000000.0
1735,129583231.0,Divergent,85000000.0
1689,178499687.0,The Hobbit: The Battle of the Five Armies,250000000.0
1737,127539955.0,300: Rise of an Empire,110000000.0
1738,104089480.0,Non-Stop,50000000.0
1739,94308705.0,The Lego Movie,60000000.0
1747,112448084.0,Lone Survivor,40000000.0
1721,177277722.0,22 Jump Street,50000000.0
1720,135785499.0,Think Like a Man Too,24000000.0
1719,171037682.0,Transformers: Age of Extinction,210000000.0
1692,68103918.0,The Hunger Games: Mockingjay - Part 1,125000000.0
1697,125728488.0,Dumb and Dumber To,40000000.0
1698,142643895.0,Big Hero 6,165000000.0
1699,74843496.0,Ouija,5000000.0
1701,115233422.0,Fury,68000000.0
1702,131383392.0,Gone Girl,61000000.0
1706,90003667.0,The Maze Runner,34000000.0
1707,73297493.0,No Good Deed,13200000.0
1708,48083368.0,Guardians of the Galaxy,250000000.0
1715,132017659.0,Lucy,40000000.0
1716,130550571.0,Dawn of the Planet of the Apes,170000000.0
1705,95966661.0,The Equalizer,55000000.0
1691,73808138.0,Exodus: Gods and Kings,140000000.0
1561,178963570.0,American Sniper,58800000.0
1533,127004488.0,Inside Out,175000000.0
1534,174073731.0,Jurassic World,150000000.0
1537,122790825.0,Spy,65000000.0
1538,131136807.0,San Andreas,110000000.0
1539,182887788.0,Tomorrowland,190000000.0
1541,175540242.0,Pitch Perfect 2,29000000.0
1542,119640318.0,Avengers: Age of Ultron,365000000.0
1544,80145066.0,Furious 7,190000000.0
1549,139905374.0,Home,135000000.0
1550,117323618.0,The Divergent Series: Insurgent,110000000.0
1551,115580190.0,Cinderella,2900000.0
1552,72251925.0,Chappie,49000000.0
1553,89378196.0,Focus,50100000.0
1554,103802091.0,Fifty Shades of Grey,40000000.0
1557,132753774.0,The SpongeBob Movie: Sponge Out of Water,74000000.0
1531,178494977.0,Ant-Man,130000000.0
1532,202943834.0,Minions,74000000.0
1529,136167805.0,Mission: Impossible - Rogue Nation,150000000.0
1562,104708370.0,Taken 3,48000000.0
1504,273024546.0,Star Wars: Episode VII - The Force Awakens,245000000.0
1506,66695452.0,The Hunger Games: Mockingjay - Part 2,160000000.0
1512,93635619.0,Spectre,245000000.0
1515,89803867.0,The Martian,108000000.0
1527,129704209.0,Straight Outta Compton,28000000.0
1516,108805935.0,Goosebumps,58000000.0
1524,60032495.0,War Room,3000000.0
1522,81621359.0,The Perfect Guy,12000000.0
1521,96138932.0,Maze Runner: The Scorch Trials,61000000.0
1520,125667878.0,Hotel Transylvania 2,80000000.0
1811,250611546.0,Rogue One: A Star Wars Story,200000000.0
1847,196994624.0,X-Men: Apocalypse,178000000.0
1849,128324753.0,The Angry Birds Movie,73000000.0
1850,123025320.0,Captain America: Civil War,250000000.0
1852,96937478.0,The Jungle Book,4000000.0
1855,91145188.0,The Boss,29000000.0
1856,118559272.0,Batman v Superman: Dawn of Justice,250000000.0
1846,123684021.0,Teenage Mutant Ninja Turtles: Out of the Shadows,135000000.0
1859,115774645.0,Zootopia,150000000.0
1862,91278176.0,Deadpool,58000000.0
1866,75395999.0,Kung Fu Panda 3,145000000.0
1868,95736903.0,The Revenant,135000000.0
1869,175297289.0,Ride Along 2,40000000.0
1845,139567249.0,The Conjuring 2,40000000.0
1842,179579258.0,Finding Dory,200000000.0
1819,146558755.0,Fantastic Beasts and Where to Find Them,180000000.0
1820,145898093.0,Doctor Strange,180000000.0
1822,74204699.0,Boo! A Madea Halloween,20000000.0
1824,84988876.0,The Accountant,44000000.0
1825,93110131.0,The Girl on the Train,45000000.0
1827,102190772.0,Miss Peregrine's Home for Peculiar Children,110000000.0
1829,71090385.0,Sully,60000000.0
1831,85743900.0,Don't Breathe,9900000.0
1834,112417199.0,Suicide Squad,175000000.0
1837,174855310.0,Jason Bourne,120000000.0
1838,178420955.0,Star Trek Beyond,185000000.0
1839,151409743.0,The Secret Life of Pets,75000000.0
1828,92840344.0,The Magnificent Seven,90000000.0
1935,120491633.0,Hidden Figures,25000000.0
1873,173344651.0,Star Wars: Episode VIII - The Last Jedi,200000000.0
1906,157207541.0,Despicable Me 3,80000000.0
1907,130023273.0,Transformers: The Last Knight,217000000.0
1908,178932468.0,Cars 3,175000000.0
1909,137307539.0,Wonder Woman,149000000.0
1911,169805597.0,Pirates of the Caribbean: Dead Men Tell No Tales,230000000.0
1913,115331687.0,Alien: Covenant,97000000.0
1914,124517741.0,Guardians of the Galaxy Vol. 2,200000000.0
1916,80793191.0,The Fate of the Furious,250000000.0
1920,106287914.0,The Boss Baby,82000000.0
1922,192647503.0,Beauty and the Beast,25000000.0
1924,149362845.0,Kong: Skull Island,185000000.0
1925,168014995.0,Logan,97000000.0
1926,103860378.0,Get Out,4500000.0
1927,155796460.0,The Lego Batman Movie,80000000.0
1930,75662315.0,Split,9000000.0
1904,198323345.0,Spider-Man: Homecoming,175000000.0
1902,172931486.0,Dunkirk,150000000.0
1903,156068438.0,War for the Planet of the Apes,150000000.0
1878,70644026.0,Coco,175000000.0
1883,192816366.0,Justice League,300000000.0
1884,137873693.0,Thor: Ragnarok,180000000.0
1886,57899380.0,Jigsaw,10000000.0
1887,76408192.0,Boo 2! A Madea Halloween,25000000.0
1900,105440174.0,The Dark Tower,60000000.0
1888,88765700.0,Happy Death Day,4800000.0
1899,95249031.0,Annabelle: Creation,15000000.0
1898,75677045.0,The Hitman's Bodyguard,30000000.0
1894,153028668.0,It,40000000.0
1892,108472634.0,Kingsman: The Golden Circle,104000000.0
1890,112153933.0,Blade Runner 2049,150000000.0
1459,193103101.0,Venom,116000000.0
1463,106333196.0,The Nun,22000000.0
1460,92141186.0,Night School,29000000.0
1461,78315568.0,The House with a Clock in Its Walls,42000000.0
1462,94001600.0,The Predator,88000000.0
1470,143331278.0,Mission: Impossible - Fallout,178000000.0
1465,73798836.0,Crazy Rich Asians,30000000.0
1468,126978553.0,The Meg,150000000.0
1442,165718403.0,Aquaman,160000000.0
1454,129384786.0,Bohemian Rhapsody,52000000.0
1453,152580543.0,The Grinch,75000000.0
1452,161437498.0,Fantastic Beasts: The Crimes of Grindelwald,200000000.0
1451,298630062.0,Ralph Breaks the Internet,175000000.0
1446,101640559.0,Spider-Man: Into the Spider-Verse,90000000.0
1471,157376958.0,The Equalizer 2,62000000.0
1472,154037869.0,Hotel Transylvania 3: Summer Vacation,80000000.0
1474,167201140.0,Jurassic World: Fallen Kingdom,170000000.0
1473,176800250.0,Ant-Man and the Wasp,200000000.0
1502,158634790.0,Jumanji: Welcome to the Jungle,90000000.0
1499,102483376.0,Maze Runner: The Death Cure,62000000.0
1497,113834248.0,Fifty Shades Freed,55000000.0
1496,267360455.0,Black Panther,200000000.0
1490,108669222.0,Pacific Rim: Uprising,150000000.0
1488,115250516.0,Ready Player One,175000000.0
1476,258481930.0,Incredibles 2,200000000.0
1477,109660193.0,Ocean's Eight,70000000.0
1478,97051566.0,Solo: A Star Wars Story,250000000.0
1482,126696435.0,Avengers: Infinity War,300000000.0
1485,106600851.0,A Quiet Place,17000000.0
1486,131792250.0,Rampage,120000000.0
1481,200438167.0,Deadpool 2,110000000.0
1399,113373910.0,Downton Abbey,20000000.0
1400,97031904.0,It Chapter Two,79000000.0
1402,63928598.0,Angel Has Fallen,40000000.0
1405,101857634.0,Good Boys,20000000.0
1406,121235199.0,Fast & Furious Presents: Hobbs & Shaw,340000000.0
1398,83354126.0,Abominable,75000000.0
1397,142713298.0,Joker,55000000.0
1388,243818963.0,Frozen II,150000000.0
1394,129825817.0,Maleficent: Mistress of Evil,185000000.0
1392,99329393.0,Terminator: Dark Fate,185000000.0
1391,100490654.0,Midway,100000000.0
1384,110431501.0,Jumanji: The Next Level,125000000.0
1383,243217105.0,Star Wars: Episode IX - The Rise of Skywalker,250000000.0
1410,114124922.0,Spider-Man: Far from Home,160000000.0
1390,89599064.0,Ford v Ferrari,97600000.0
1413,189899923.0,Toy Story 4,175000000.0
1440,96775974.0,The Upside,37500000.0
1439,109523159.0,Glass,20000000.0
1435,95027517.0,The Lego Movie 2: The Second Part,99000000.0
1434,105197571.0,Alita: Battle Angel,170000000.0
1432,110669509.0,How to Train Your Dragon: The Hidden World,129000000.0
1430,198063125.0,Captain Marvel,152000000.0
1428,139284316.0,Us,20000000.0
1426,137908217.0,Shazam!,80000000.0
1427,129484146.0,Dumbo,812000.0
1416,167597113.0,Godzilla: King of the Monsters,170000000.0
1414,123601448.0,Men in Black: International,110000000.0
1420,160271263.0,Avengers: Endgame,356000000.0
1419,139901024.0,John Wick: Chapter 3 - Parabellum,55000000.0
1423,95279443.0,The Curse of La Llorona,9000000.0
1415,158327825.0,The Secret Life of Pets 2,80000000.0
1107,10757062.0,Tenet,205000000.0
1112,6409085.0,Unhinged,33000000.0
1113,1958968.0,The SpongeBob Movie: Sponge on the Run,60000000.0
1114,1186003.0,The Tax Collector,30000000.0
1111,14201687.0,The New Mutants,67000000.0
1092,5596422.0,The Croods: A New Age,65000000.0
1103,10436872.0,The War with Grandpa,18000000.0
1100,8721044.0,Come Play,9000000.0
1099,10713492.0,Let Him Go,21000000.0
1098,10333176.0,Freaky,5000000.0
1137,49580363.0,Onward,200000000.0
1139,83485776.0,The Invisible Man,7000000.0
1140,86611757.0,Sonic the Hedgehog,85000000.0
1143,81131843.0,Birds of Prey,75000000.0
1144,64549859.0,Bad Boys for Life,90000000.0
1148,117434941.0,1917,100000000.0
1091,6729235.0,Monster Hunter,60000000.0
1090,23780363.0,Wonder Woman 1984,200000000.0
1178,88585434.0,Space Jam: A New Legacy,150000000.0
1179,117534978.0,Black Widow,200000000.0
1180,84462080.0,F9: The Fast Saga,200000000.0
1183,44120211.0,Hitman's Wife's Bodyguard,70000000.0
1184,55654996.0,A Quiet Place Part II,61000000.0
1185,65153180.0,The Conjuring: The Devil Made Me Do It,39000000.0
1177,67081731.0,Old,18000000.0
1191,22632435.0,Demon Slayer the Movie: Mugen Train,15800000.0
1193,18019423.0,Godzilla vs. Kong,200000000.0
1197,17375273.0,Nobody,17000000.0
1199,15568060.0,Raya and the Last Dragon,100000000.0
1190,21458636.0,Wrath of Man,40000000.0
1176,74999440.0,Jungle Cruise,200000000.0
1174,72234401.0,Free Guy,110000000.0
1150,95723075.0,Spider-Man: No Way Home,200000000.0
1153,40765448.0,West Side Story,6000000.0
1154,47539355.0,Encanto,50000000.0
1158,80359448.0,Ghostbusters: Afterlife,75000000.0
1159,65852727.0,Eternals,200000000.0
1175,62114018.0,The Suicide Squad,185000000.0
1161,61792453.0,Dune,165000000.0
1163,107208512.0,Halloween Kills,20000000.0
1164,121111244.0,No Time to Die,250000000.0
1166,126019090.0,Venom: Let There Be Carnage,110000000.0
1167,35828704.0,Shang-Chi and the Legend of the Ten Rings,150000000.0
1172,57594823.0,Candyman,25000000.0
1206,11080199.0,The Little Things,30000000.0
1207,8331573.0,The Marksman,23000000.0
1325,49166499.0,Black Panther: Wakanda Forever,250000000.0
1333,110164317.0,Black Adam,200000000.0
1334,72697268.0,Halloween Ends,20000000.0
1335,53759907.0,Smile,17000000.0
1323,151354815.0,Avatar: The Way of Water,460000000.0
1369,80060996.0,The Batman,185000000.0
1372,55006939.0,Uncharted,120000000.0
1375,50371632.0,Death on the Nile,90000000.0
1376,55860817.0,Jackass Forever,10000000.0
1379,68339319.0,Scream,24000000.0
1341,54205807.0,Top Gun: Maverick,170000000.0
1339,43050766.0,The Woman King,50000000.0
1368,78479529.0,The Lost City,74000000.0
1367,80235023.0,Morbius,75000000.0
1366,117176203.0,Sonic the Hedgehog 2,110000000.0
1365,118286160.0,Fantastic Beasts: The Secrets of Dumbledore,200000000.0
1363,90218714.0,The Bad Guys,80000000.0
1361,220282059.0,Doctor Strange in the Multiverse of Madness,200000000.0
1355,212413470.0,Jurassic World Dominion,165000000.0
1353,133333162.0,Elvis,85000000.0
1352,188498988.0,Minions: The Rise of Gru,85000000.0
1350,237265821.0,Thor: Love and Thunder,250000000.0
1348,124080435.0,Nope,68000000.0
1347,93856999.0,DC League of Super-Pets,90000000.0
1346,88004513.0,Bullet Train,90000000.0
1343,41408038.0,The Invitation,10000000.0
1340,33945638.0,Barbarian,4500000.0
1338,55769690.0,Don't Worry Darling,35000000.0
1279,101367979.0,The Equalizer 3,70000000.0
1299,88589524.0,The Super Mario Bros. Movie,100000000.0
1304,91814122.0,Dungeons & Dragons: Honor Among Thieves,151000000.0
1305,112191657.0,John Wick: Chapter 4,90000000.0
1306,87087315.0,Shazam! Fury of the Gods,125000000.0
1307,113369708.0,Scream VI,35000000.0
1308,112469994.0,Creed III,75000000.0
1310,138728599.0,Ant-Man and the Wasp: Quantumania,200000000.0
1312,47814469.0,Magic Mike's Last Dance,45000000.0
1313,72172820.0,Knock at the Cabin,20000000.0
1298,156015546.0,Guardians of the Galaxy Vol. 3,250000000.0
1296,118739905.0,Fast X,340000000.0
1295,200810396.0,The Little Mermaid,297000000.0
1275,42349485.0,The Nun II,38500000.0
1280,78022576.0,Gran Turismo,60000000.0
1281,91834103.0,Blue Beetle,120000000.0
1282,108489585.0,Barbie,145000000.0
1286,134207030.0,Mission: Impossible - Dead Reckoning Part One,291000000.0
1287,121030650.0,Insidious: The Red Door,16000000.0
1288,122142874.0,Indiana Jones and the Dial of Destiny,294700000.0
1290,106020773.0,Spider-Man: Across the Spider-Verse,100000000.0
1291,161297087.0,The Flash,300000000.0
1292,163527157.0,Transformers: Rise of the Beasts,195000000.0
